/*
Name: Alex Vitor Marques Moreira da Cunha
Date: October 13, 2021
Purpose: Create a database and tables that hold information of food nutritional values. Populate the tables with information.
Data source: https://www.canada.ca/en/health-canada/services/food-nutrition/healthy-eating/nutrient-data.html
*/

USE javaProjects;

DROP TABLE IF EXISTS nutrientNames;
-- creates a table of the nutrient name
CREATE TABLE IF NOT EXISTS nutrientNames (
nutrientId INT NOT NULL PRIMARY KEY,
nutrientSymbol VARCHAR(15),
nutrientUnit VARCHAR(10),
nutrientName VARCHAR(100)
);

-- insert all nutrient names
INSERT INTO nutrientNames VALUES
(203,'PROT','g','PROTEIN'),
(204,'FAT','g','FAT (TOTAL LIPIDS)'),
(205,'CARB','g','CARBOHYDRATE\, TOTAL (BY DIFFERENCE)'),
(207,'ASH','g','ASH\, TOTAL'),
(208,'KCAL','kCal','ENERGY (KILOCALORIES)'),
(810,'STAR','g','STARCH'),
(210,'SUCR','g','SUCROSE'),
(211,'GLUC','g','GLUCOSE'),
(212,'FRUC','g','FRUCTOSE'),
(213,'LACT','g','LACTOSE'),
(214,'MALT','g','MALTOSE'),
(221,'ALCO','g','ALCOHOL'),
(245,'OXAL','mg','OXALIC ACID'),
(255,'H2O','g','MOISTURE'),
(260,'MANN','g','MANNITOL'),
(261,'SORB','g','SORBITOL'),
(262,'CAFF','mg','CAFFEINE'),
(263,'THBR','mg','THEOBROMINE'),
(268,'KJ','kJ','ENERGY (KILOJOULES)'),
(269,'TSUG','g','SUGARS\, TOTAL'),
(287,'GAL','g','GALACTOSE'),
(291,'TDF','g','FIBRE\, TOTAL DIETARY'),
(301,'CA','mg','CALCIUM'),
(303,'FE','mg','IRON'),
(304,'MG','mg','MAGNESIUM'),
(305,'P','mg','PHOSPHORUS'),
(306,'K','mg','POTASSIUM'),
(307,'NA','mg','SODIUM'),
(309,'ZN','mg','ZINC'),
(312,'CU','mg','COPPER'),
(315,'MN','mg','MANGANESE'),
(317,'SE','µg','SELENIUM'),
(319,'RT-µG','µg','RETINOL'),
(814,'RAE','µg','RETINOL ACTIVITY EQUIVALENTS'),
(321,'BC-µG','µg','BETA CAROTENE'),
(834,'AC-µG','µg','ALPHA CAROTENE'),
(323,'ATMG','mg','ALPHA-TOCOPHEROL'),
(324,'D-IU','IU','VITAMIN D (INTERNATIONAL UNITS)'),
(876,'D2-µG','µg','VITAMIN D2\, ERGOCALCIFEROL'),
(339,'D3+D2-µG','µg','VITAMIN D (D2 + D3)'),
(835,'CRYPX','µg','BETA CRYPTOXANTHIN'),
(836,'LYCPN','µg','LYCOPENE'),
(837,'LUT+ZEA','µg','LUTEIN AND ZEAXANTHIN'),
(811,'BTMG','mg','BETA-TOCOPHEROL'),
(812,'GTMG','mg','GAMMA-TOCOPHEROL'),
(813,'DTMG','mg','DELTA-TOCOPHEROL'),
(401,'VITC','mg','VITAMIN C'),
(404,'THIA','mg','THIAMIN'),
(405,'RIBO','mg','RIBOFLAVIN'),
(406,'N-MG','mg','NIACIN (NICOTINIC ACID) PREFORMED'),
(409,'N-NE','NE','TOTAL NIACIN EQUIVALENT'),
(410,'PANT','mg','PANTOTHENIC ACID'),
(415,'B6','mg','VITAMIN B-6'),
(416,'BIOT','µg','BIOTIN'),
(417,'FOLA','µg','TOTAL FOLACIN'),
(418,'B12','µg','VITAMIN B-12'),
(862,'CHOLN','mg','CHOLINE\, TOTAL'),
(430,'VITK','µg','VITAMIN K'),
(431,'FOAC','µg','FOLIC ACID'),
(806,'FOLN','µg','NATURALLY OCCURRING FOLATE'),
(815,'DFE','µg','DIETARY FOLATE EQUIVALENTS'),
(863,'BETN','mg','BETAINE'),
(501,'TRP','g','TRYPTOPHAN'),
(502,'THR','g','THREONINE'),
(503,'ISO','g','ISOLEUCINE'),
(504,'LEU','g','LEUCINE'),
(505,'LYS','g','LYSINE'),
(506,'MET','g','METHIONINE'),
(507,'CYS','g','CYSTINE'),
(508,'PHE','g','PHENYLALANINE'),
(509,'TYR','g','TYROSINE'),
(510,'VAL','g','VALINE'),
(511,'ARG','g','ARGININE'),
(512,'HIS','g','HISTIDINE'),
(513,'ALA','g','ALANINE'),
(514,'ASP','g','ASPARTIC ACID'),
(515,'GLU','g','GLUTAMIC ACID'),
(516,'GLY','g','GLYCINE'),
(517,'PRO','g','PROLINE'),
(518,'SER','g','SERINE'),
(828,'HYP','g','HYDROXYPROLINE'),
(550,'ASPA','mg','ASPARTAME'),
(875,'ATMG-A','mg','ALPHA-TOCOPHEROL\, ADDED'),
(874,'B12-A','µg','VITAMIN B12\, ADDED'),
(601,'CHOL','mg','CHOLESTEROL'),
(605,'TRFA','g','FATTY ACIDS\, TRANS\, TOTAL'),
(606,'TSAT','g','FATTY ACIDS\, SATURATED\, TOTAL'),
(607,'4:0','g','FATTY ACIDS\, SATURATED\, 4:0\, BUTANOIC'),
(608,'6:0','g','FATTY ACIDS\, SATURATED\, 6:0\, HEXANOIC'),
(609,'8:0','g','FATTY ACIDS\, SATURATED\, 8:0\, OCTANOIC'),
(610,'10:0','g','FATTY ACIDS\, SATURATED\, 10:0\, DECANOIC'),
(611,'12:0','g','FATTY ACIDS\, SATURATED\, 12:0\, DODECANOIC'),
(612,'14:0','g','FATTY ACIDS\, SATURATED\, 14:0\, TETRADECANOIC'),
(613,'16:0','g','FATTY ACIDS\, SATURATED\, 16:0\, HEXADECANOIC'),
(614,'18:0','g','FATTY ACIDS\, SATURATED\, 18:0\, OCTADECANOIC'),
(615,'20:0','g','FATTY ACIDS\, SATURATED\, 20:0\, EICOSANOIC'),
(617,'18:1undiff','g','FATTY ACIDS\, MONOUNSATURATED\, 18:1undifferentiated\, OCTADECENOIC'),
(618,'18:2undiff','g','FATTY ACIDS\, POLYUNSATURATED\, 18:2undifferentiated\, LINOLEIC\, OCTADECADIENOIC'),
(619,'18:3undiff','g','FATTY ACIDS\, POLYUNSATURATED\, 18:3undifferentiated\, LINOLENIC\, OCTADECATRIENOIC'),
(620,'20:4undiff','g','FATTY ACIDS\, POLYUNSATURATED\, 20:4\, EICOSATETRAENOIC'),
(621,'22:6n-3DHA','g','FATTY ACIDS\, POLYUNSATURATED\, 22:6 n-3\, DOCOSAHEXAENOIC (DHA)'),
(624,'22:0','g','FATTY ACIDS\, SATURATED\, 22:0\, DOCOSANOIC'),
(625,'14:1','g','FATTY ACIDS\, MONOUNSATURATED\, 14:1\, TETRADECENOIC'),
(626,'16:1undiff','g','FATTY ACIDS\, MONOUNSATURATED\, 16:1undifferentiated\, HEXADECENOIC'),
(627,'18:4','g','FATTY ACIDS\, POLYUNSATURATED\, 18:4\, OCTADECATETRAENOIC'),
(628,'20:1','g','FATTY ACIDS\, MONOUNSATURATED\, 20:1\, EICOSENOIC'),
(629,'20:5n-3EPA','g','FATTY ACIDS\, POLYUNSATURATED\, 20:5 n-3\, EICOSAPENTAENOIC (EPA)'),
(630,'22:1undiff','g','FATTY ACIDS\, MONOUNSATURATED\, 22:1undifferentiated\, DOCOSENOIC'),
(631,'22:5n-3DPA','g','FATTY ACIDS\, POLYUNSATURATED\, 22:5 n-3\, DOCOSAPENTAENOIC (DPA)'),
(636,'TPST','mg','TOTAL PLANT STEROL'),
(638,'STIG','mg','STIGMASTEROL'),
(866,'CAMSTR','mg','CAMPESTEROL'),
(816,'SITSTR','mg','BETA-SITOSTEROL'),
(645,'MUFA','g','FATTY ACIDS\, MONOUNSATURATED\, TOTAL'),
(646,'PUFA','g','FATTY ACIDS\, POLYUNSATURATED\, TOTAL'),
(652,'15:0','g','FATTY ACIDS\, SATURATED\, 15:0\, PENTADECANOIC'),
(653,'17:0','g','FATTY ACIDS\, SATURATED\, 17:0\, HEPTADECANOIC'),
(654,'24:0','g','FATTY ACIDS\, SATURATED\, 24:0\, TETRACOSANOIC'),
(817,'16:1t','g','FATTY ACIDS\, MONOUNSATURATED\, 16:1t\, HEXADECENOIC'),
(818,'18:1t','g','FATTY ACIDS\, MONOUNSATURATED\, 18:1t\, OCTADECENOIC'),
(852,'22:1t','g','FATTY ACIDS\, MONOUNSATURATED\, 22:1t\, DOCOSENOIC'),
(819,'18:2i','g','FATTY ACIDS\, POLYUNSATURATED\, 18:2i\, LINOLEIC\, OCTADECADIENOIC'),
(853,'18:2t\,t','g','FATTY ACIDS\, POLYUNSATURATED\, 18:2t\,t \, OCTADECADIENENOIC'),
(838,'18:2cla','g','FATTY ACIDS\, POLYUNSATURATED\, CONJUGATED\, 18:2 cla\, LINOLEIC\, OCTADECADIENOIC'),
(820,'24:1c','g','FATTY ACIDS\, MONOUNSATURATED\, 24:1c\, TETRACOSENOIC'),
(823,'20:2cc','g','FATTY ACIDS\, POLYUNSATURATED\, 20:2 c\,c  EICOSADIENOIC'),
(821,'16:1c','g','FATTY ACIDS\, MONOUNSATURATED\, 16:1c\, HEXADECENOIC'),
(824,'18:1c','g','FATTY ACIDS\, MONOUNSATURATED\, 18:1c\, OCTADECENOIC'),
(825,'18:2ccn-6','g','FATTY ACIDS\, POLYUNSATURATED\, 18:2 c\,c n-6\,  LINOLEIC\, OCTADECADIENOIC'),
(840,'22:1c','g','FATTY ACIDS\, MONOUNSATURATED\, 22:1c\, DOCOSENOIC'),
(832,'18:3cccn-6','g','FATTY ACIDS\, POLYUNSATURATED\, 18:3 c\,c\,c n-6\, g-LINOLENIC\, OCTADECATRIENOIC'),
(826,'17:1','g','FATTY ACIDS\, MONOUNSATURATED\, 17:1\, HEPTADECENOIC'),
(827,'20:3undiff','g','FATTY ACIDS\, POLYUNSATURATED\, 20:3\, EICOSATRIENOIC'),
(829,'TRMO','g','FATTY ACIDS\, TOTAL TRANS-MONOENOIC'),
(859,'TRPO','g','FATTY ACIDS\, TOTAL TRANS-POLYENOIC'),
(830,'13:0','g','FATTY ACIDS\, SATURATED\, 13:0 TRIDECANOIC'),
(833,'15:1','g','FATTY ACIDS\, MONOUNSATURATED\, 15:1\, PENTADECENOIC'),
(802,'TMOS','g','TOTAL MONOSACCARIDES'),
(803,'TDIS','g','TOTAL DISACCHARIDES'),
(831,'18:3cccn-3','g','FATTY ACIDS\, POLYUNSATURATED\, 18:3 c\,c\,c n-3  LINOLENIC\, OCTADECATRIENOIC'),
(861,'20:3n-3','g','FATTY ACIDS\, POLYUNSATURATED\, 20:3 n-3 EICOSATRIENOIC'),
(854,'20:3n-6','g','FATTY ACIDS\, POLYUNSATURATED\, 20:3 n-6\, EICOSATRIENOIC'),
(855,'20:4n-6','g','FATTY ACIDS\, POLYUNSATURATED\, 20:4 n-6\, ARACHIDONIC'),
(841,'18:3i','g','FATTY ACIDS\, POLYUNSATURATED\, 18:3i\, LINOLENIC\, OCTADECATRIENOIC'),
(843,'21:5','g','FATTY ACIDS\, POLYUNSATURATED\, 21:5'),
(845,'22:4n-6','g','FATTY ACIDS\, POLYUNSATURATED\, 22:4 n-6\, DOCOSATETRAENOIC'),
(846,'24:1undiff','g','FATTY ACIDS\, MONOUNSATURATED\,  24:1undifferentiated\, TETRACOSENOIC'),
(847,'12:1','g','FATTY ACIDS\, MONOUNSATURATED\, 12:1\, LAUROLEIC'),
(848,'22:3','g','FATTY ACIDS\, POLYUNSATURATED\, 22:3\,'),
(849,'22:2','g','FATTY ACIDS\, POLYUNSATURATED\, 22:2\, DOCOSADIENOIC'),
(868,'TOmega n-3','g','FATTY ACIDS\, POLYUNSATURATED\, TOTAL OMEGA  N-3'),
(869,'TOmega n-6','g','FATTY ACIDS\, POLYUNSATURATED\, TOTAL OMEGA   N-6');

DROP TABLE IF EXISTS foodNames;
-- create a table of food name
CREATE TABLE IF NOT EXISTS foodNames (
 foodId INT NOT NULL PRIMARY KEY,
 foodGroupId INT,
 foodDescription VARCHAR(150)
);

-- insert all food names
INSERT INTO foodNames VALUES
(2,22,'Cheese souffle'),
(4,22,'Chop suey\, with meat\, canned'),
(5,22,'Chinese dish\, chow mein\, chicken'),
(6,18,'Corn fritter'),
(7,22,'Beef pot roast\, with browned potatoes\, peas and corn'),
(8,22,'Fried chicken\, mashed potatoes and vegetables'),
(9,22,'Meat loaf with tomato sauce\, mashed potatoes and peas'),
(10,22,'Sliced turkey with mashed potatoes and peas'),
(13,2,'Vinegar\, cider'),
(14,2,'Vinegar\, distilled (white)'),
(16,1,'Butter\, whipped'),
(17,1,'Butter oil\, anhydrous'),
(18,1,'Cheese\, blue'),
(19,1,'Cheese\, brick'),
(20,1,'Cheese\, brie'),
(21,1,'Cheese\, camembert'),
(22,1,'Cheese\, caraway'),
(23,1,'Cheese\, cheshire'),
(24,1,'Cheese\, colby'),
(25,1,'Cheese\, cottage\, creamed (4.5% M.F.)'),
(26,1,'Cheese\, cottage\, creamed with fruit'),
(27,1,'Cheese\, cottage\, uncreamed\, dry curd (0.4% M.F.)'),
(28,1,'Cheese\, cream'),
(29,1,'Cheese\, edam'),
(30,1,'Cheese\, fontina'),
(31,1,'Cheese\, gjetost'),
(32,1,'Cheese\, gruyere'),
(33,1,'Cheese\, limburger'),
(34,1,'Cheese\, monterey'),
(35,1,'Cheese\, mozzarella\, (48% water\, 25% M.F.)'),
(37,1,'Cheese\, muenster'),
(38,1,'Cheese\, neufchatel'),
(39,1,'Cheese\, parmesan\, dry grated'),
(40,1,'Cheese\, parmesan\, hard'),
(41,1,'Cheese\, port-salut'),
(42,1,'Cheese\, provolone'),
(43,1,'Cheese\, ricotta\, with whole milk'),
(44,1,'Cheese\, ricotta\, with partly skimmed milk'),
(45,1,'Cheese\, romano'),
(46,1,'Cheese\, roquefort (blue)'),
(47,1,'Cheese\, swiss (emmental)'),
(48,1,'Cheese\, tilsit\, with whole milk'),
(51,1,'Cheese\, processed\, cheddar\, cold pack'),
(52,1,'Cheese\, processed food\, swiss\, loaf'),
(54,1,'Cream\, whipped\, cream topping\, pressurized'),
(55,1,'Eggnog\, 7% M.F.\, Canadian product\, 4% to 8% M.F.'),
(56,1,'Coffee whitener (non dairy)\, liquid'),
(57,1,'Dessert topping (non dairy)\, powdered'),
(58,1,'Dessert topping (non dairy)\, powdered\, prepared with whole milk'),
(59,1,'Dessert topping (non dairy)\, pressurized'),
(60,1,'Dessert topping (non dairy)\, frozen\, semisolid'),
(61,1,'Milk\, fluid\, partly skimmed\, 2% M.F.');

-- create a table of nutrient amounts
DROP TABLE IF EXISTS nutrientAmounts;
CREATE TABLE IF NOT EXISTS nutrientAmounts (
amountId INT NOT NULL AUTO_INCREMENT PRIMARY KEY,
foodId INT,
nutrientId INT,
nutrientValue DEC(10,5),
FOREIGN KEY (foodId) REFERENCES foodNames(foodId),
FOREIGN KEY (nutrientId) REFERENCES nutrientNames(nutrientId)
);

-- insert values on the nutrient amount table
INSERT INTO nutrientAmounts (foodId, nutrientId, nutrientValue) VALUES
(2,203,9.54),
(2,204,15.7),
(2,205,5.91),
(2,207,1.67),
(2,208,204),
(2,221,0),
(2,255,67.17),
(2,262,0),
(2,263,0),
(2,268,853),
(2,269,2.66),
(2,291,0.1),
(2,301,184),
(2,303,0.74),
(2,304,13),
(2,305,167),
(2,306,119),
(2,307,318),
(2,309,1.1),
(2,312,0.031),
(2,315,0.043),
(2,317,15.8),
(2,319,188),
(2,321,64),
(2,323,2.03),
(2,324,79),
(2,339,2),
(2,401,0),
(2,404,0.052),
(2,405,0.296),
(2,406,0.317),
(2,409,2.55),
(2,410,0.971),
(2,415,0.038),
(2,417,27),
(2,418,0.604),
(2,430,8),
(2,431,6),
(2,501,0.134),
(2,502,0.366),
(2,503,0.538),
(2,504,0.889),
(2,505,0.717),
(2,506,0.266),
(2,507,0.155),
(2,508,0.517),
(2,509,0.428),
(2,510,0.621),
(2,511,0.449),
(2,512,0.237),
(2,513,0.391),
(2,514,0.781),
(2,515,2.017),
(2,516,0.233),
(2,517,0.825),
(2,518,0.623),
(2,601,129),
(2,605,1.239),
(2,606,5.742),
(2,609,0.044),
(2,610,0.103),
(2,611,0.136),
(2,612,0.62),
(2,613,2.968),
(2,614,1.389),
(2,617,5.383),
(2,618,2.204),
(2,619,0.484),
(2,620,0.047),
(2,621,0.022),
(2,626,0.274),
(2,627,0),
(2,629,0.001),
(2,630,0.002),
(2,631,0.003),
(2,645,5.82),
(2,646,2.77),
(2,806,21),
(2,814,194),
(2,815,30),
(2,825,2.01),
(2,827,0.006),
(2,831,0.452),
(2,832,0.03),
(2,835,0),
(2,836,0),
(2,837,99),
(2,854,0.006),
(2,855,0.047),
(2,861,0),
(2,874,0),
(2,875,0),
(2,876,0),
(4,203,4.07),
(4,204,2.8),
(4,205,5.29),
(4,207,1.65),
(4,208,60),
(4,221,0),
(4,255,86.26),
(4,262,0),
(4,263,0),
(4,268,251),
(4,269,3.4),
(4,291,1.1),
(4,301,17),
(4,303,0.59),
(4,304,13),
(4,305,54),
(4,306,164),
(4,307,490),
(4,309,0.39),
(4,312,0.097),
(4,315,0.137),
(4,317,2.6),
(4,319,1),
(4,321,47),
(4,323,0.45),
(4,324,1),
(4,339,0),
(4,401,4.5),
(4,404,0.041),
(4,405,0.069),
(4,406,1.478),
(4,409,2.06),
(4,410,0.304),
(4,415,0.086),
(4,417,24),
(4,418,0.058),
(4,430,16.9),
(4,431,0),
(4,501,0.035),
(4,502,0.111),
(4,503,0.147),
(4,504,0.208),
(4,505,0.22),
(4,506,0.064),
(4,507,0.029),
(4,508,0.119),
(4,509,0.084),
(4,510,0.148),
(4,511,0.188),
(4,512,0.085),
(4,513,0.143),
(4,514,0.347),
(4,515,0.399),
(4,516,0.121),
(4,517,0.089),
(4,518,0.084),
(4,601,6),
(4,605,0.078),
(4,606,0.364),
(4,607,0),
(4,608,0),
(4,609,0),
(4,610,0),
(4,611,0.001),
(4,612,0.006),
(4,613,0.239),
(4,614,0.089),
(4,617,1.466),
(4,618,0.541),
(4,619,0.193),
(4,620,0.007),
(4,621,0.003),
(4,626,0.038),
(4,627,0),
(4,629,0.001),
(4,630,0),
(4,631,0.001),
(4,645,1.54),
(4,646,0.75),
(4,806,24),
(4,814,5),
(4,815,25),
(4,827,0),
(4,831,0.193),
(4,832,0),
(4,834,2),
(4,835,2),
(4,836,0),
(4,837,50),
(4,840,0),
(4,841,0),
(4,852,0),
(4,854,0),
(4,855,0.007),
(4,861,0),
(4,874,0),
(4,875,0),
(5,203,6.76),
(5,204,2.8),
(5,205,8.29),
(5,207,1.13),
(5,208,85),
(5,210,0.6),
(5,211,0.65),
(5,212,0.49),
(5,213,0),
(5,214,0),
(5,221,0),
(5,255,81.01),
(5,262,0),
(5,263,0),
(5,268,355),
(5,269,1.74),
(5,287,0),
(5,291,1),
(5,301,21),
(5,303,0.67),
(5,304,11),
(5,305,54),
(5,306,124),
(5,307,311),
(5,309,0.32),
(5,312,0.029),
(5,315,0.099),
(5,317,6.1),
(5,319,1),
(5,321,166),
(5,323,0.43),
(5,324,1),
(5,339,0),
(5,401,2),
(5,404,0.031),
(5,405,0.023),
(5,406,1.468),
(5,409,2.851),
(5,410,0.26),
(5,415,0.175),
(5,417,27),
(5,418,0.07),
(5,430,22),
(5,431,7),
(5,501,0.083),
(5,502,0.268),
(5,503,0.28),
(5,504,0.502),
(5,505,0.475),
(5,506,0.163),
(5,507,0.077),
(5,508,0.252),
(5,509,0.218),
(5,510,0.307),
(5,511,0.424),
(5,512,0.184),
(5,513,0.356),
(5,514,0.604),
(5,515,1.38),
(5,516,0.237),
(5,517,0.355),
(5,518,0.252),
(5,601,16),
(5,605,0.017),
(5,606,0.49),
(5,607,0.003),
(5,608,0),
(5,609,0.001),
(5,610,0.002),
(5,611,0.001),
(5,612,0.007),
(5,613,0.347),
(5,614,0.11),
(5,615,0.006),
(5,617,0.569),
(5,618,1.066),
(5,619,0.129),
(5,620,0.016),
(5,621,0),
(5,624,0.006),
(5,625,0.001),
(5,626,0.03),
(5,627,0),
(5,628,0.01),
(5,629,0.002),
(5,630,0.001),
(5,631,0),
(5,645,0.613),
(5,646,1.226),
(5,652,0.001),
(5,653,0.003),
(5,654,0.003),
(5,806,21),
(5,810,3.99),
(5,811,0.03),
(5,812,0.93),
(5,813,0.25),
(5,814,19),
(5,815,32),
(5,817,0),
(5,818,0.009),
(5,819,0.007),
(5,820,0.001),
(5,821,0.029),
(5,823,0),
(5,824,0.56),
(5,825,1.057),
(5,826,0.003),
(5,827,0),
(5,829,0.01),
(5,831,0.128),
(5,832,0),
(5,833,0),
(5,834,99),
(5,835,1),
(5,836,0),
(5,837,66),
(5,838,0.002),
(5,840,0),
(5,841,0),
(5,845,0.004),
(5,852,0),
(5,854,0),
(5,855,0),
(5,859,0.007),
(5,861,0),
(5,862,24),
(5,863,0.8),
(5,868,0.13),
(5,869,1.077),
(6,203,8.55),
(6,204,21.24),
(6,205,38.62),
(6,207,2.27),
(6,208,374),
(6,210,0.956),
(6,211,0.2829),
(6,212,0.174),
(6,213,0.963),
(6,214,0.271),
(6,221,0),
(6,255,29.42),
(6,262,0),
(6,263,0),
(6,268,1564),
(6,269,2.85),
(6,287,0.2),
(6,291,2),
(6,301,74),
(6,303,2.5),
(6,304,22),
(6,305,122),
(6,306,154),
(6,307,441),
(6,309,0.84),
(6,312,0.101),
(6,315,0.261),
(6,317,26.1),
(6,319,46),
(6,321,16),
(6,323,0.58),
(6,324,21),
(6,339,0.5),
(6,401,0.3),
(6,404,0.223),
(6,405,0.261),
(6,406,2.247),
(6,409,4.03),
(6,410,0.814),
(6,415,0.062),
(6,417,81),
(6,418,0.319),
(6,430,0.9),
(6,431,45),
(6,501,0.107),
(6,502,0.271),
(6,503,0.335),
(6,504,0.764),
(6,505,0.433),
(6,506,0.192),
(6,507,0.146),
(6,508,0.478),
(6,509,0.324),
(6,510,0.411),
(6,511,0.399),
(6,512,0.214),
(6,513,0.419),
(6,514,0.523),
(6,515,2.504),
(6,516,0.269),
(6,517,0.943),
(6,518,0.478),
(6,550,0),
(6,601,61),
(6,605,3.013),
(6,606,5.455),
(6,609,0),
(6,610,0.003),
(6,611,0.01),
(6,612,0.082),
(6,613,3.276),
(6,614,1.92),
(6,617,8.46),
(6,618,5.156),
(6,619,0.353),
(6,620,0.026),
(6,621,0.012),
(6,626,0.064),
(6,629,0.001),
(6,630,0),
(6,631,0.002),
(6,636,1),
(6,645,8.543),
(6,646,5.564),
(6,806,35),
(6,814,50),
(6,815,112),
(6,827,0),
(6,831,0.348),
(6,832,0.004),
(6,837,150),
(6,854,0.0027),
(6,855,0.0257),
(6,861,0),
(7,203,21.29),
(7,204,5.25),
(7,205,10.72),
(7,207,1.86),
(7,208,179),
(7,221,0),
(7,255,61.17),
(7,262,0),
(7,263,0),
(7,268,749),
(7,269,1.44),
(7,291,1.6),
(7,301,11),
(7,303,2.37),
(7,304,31),
(7,305,160),
(7,306,386),
(7,307,306),
(7,309,4.99),
(7,312,0.121),
(7,315,0.139),
(7,317,14.1),
(7,324,9),
(7,339,0.2),
(7,401,7.8),
(7,404,0.089),
(7,405,0.209),
(7,406,4.016),
(7,409,6.449),
(7,410,0.764),
(7,415,0.268),
(7,417,18),
(7,418,1.345),
(7,430,5.6),
(7,431,0),
(7,501,0.146),
(7,502,0.846),
(7,503,0.956),
(7,504,1.676),
(7,505,1.749),
(7,506,0.537),
(7,507,0.268),
(7,508,0.844),
(7,509,0.677),
(7,510,1.06),
(7,511,1.36),
(7,512,0.66),
(7,513,1.27),
(7,514,2.053),
(7,515,3.218),
(7,516,1.248),
(7,517,1.013),
(7,518,0.839),
(7,601,48),
(7,606,1.872),
(7,610,0.001),
(7,611,0.006),
(7,612,0.112),
(7,613,1.069),
(7,614,0.589),
(7,617,2.221),
(7,618,0.532),
(7,619,0.091),
(7,620,0.052),
(7,621,0),
(7,626,0.218),
(7,628,0.018),
(7,629,0),
(7,630,0),
(7,631,0),
(7,645,2.552),
(7,646,0.709),
(7,806,18),
(7,814,15),
(7,815,18),
(7,827,0),
(7,831,0.076),
(7,832,0.004),
(7,840,0),
(7,852,0),
(7,854,0),
(7,855,0.052),
(7,861,0),
(8,203,12.8),
(8,204,8.5),
(8,205,11.3),
(8,207,1.3),
(8,208,173),
(8,221,0),
(8,255,66.1),
(8,262,0),
(8,263,0),
(8,268,723),
(8,291,1),
(8,301,41),
(8,303,1.2),
(8,305,145),
(8,306,112),
(8,307,344),
(8,319,0),
(8,321,354),
(8,401,4),
(8,404,0.07),
(8,405,0.18),
(8,406,5.2),
(8,409,7.547),
(8,417,18),
(8,601,49),
(8,606,3),
(8,617,3),
(8,618,1),
(8,621,0),
(8,631,0),
(8,645,3),
(8,646,1),
(8,814,30),
(8,827,0),
(8,832,0),
(8,854,0),
(8,861,0),
(9,203,8),
(9,204,6.7),
(9,205,9.8),
(9,207,1.8),
(9,208,131),
(9,221,0),
(9,255,73.7),
(9,262,0),
(9,263,0),
(9,268,548),
(9,291,1.2),
(9,301,19),
(9,303,1.3),
(9,305,117),
(9,306,115),
(9,307,393),
(9,319,0),
(9,321,258),
(9,401,4),
(9,404,0.1),
(9,405,0.14),
(9,406,1.7),
(9,409,3.167),
(9,417,10),
(9,601,31),
(9,606,3),
(9,617,3),
(9,618,0),
(9,621,0),
(9,631,0),
(9,645,3),
(9,646,0),
(9,814,22),
(9,827,0),
(9,832,0),
(9,854,0),
(9,861,0),
(10,203,8.4),
(10,204,3),
(10,205,12.7),
(10,207,1.2),
(10,208,112),
(10,221,0),
(10,255,74.7),
(10,262,0),
(10,263,0),
(10,268,468),
(10,291,1.1),
(10,301,26),
(10,303,1.1),
(10,305,87),
(10,306,176),
(10,307,400),
(10,319,0),
(10,321,78),
(10,401,4),
(10,404,0.07),
(10,405,0.09),
(10,406,2.3),
(10,409,3.84),
(10,417,15),
(10,601,32),
(10,606,1),
(10,617,1),
(10,618,0),
(10,621,0),
(10,631,0),
(10,645,1),
(10,646,0),
(10,814,7),
(10,827,0),
(10,832,0),
(10,854,0),
(10,861,0),
(13,203,0),
(13,204,0),
(13,205,0.93),
(13,207,0.17),
(13,208,22),
(13,210,0),
(13,211,0.1),
(13,212,0.3),
(13,213,0),
(13,214,0),
(13,221,0),
(13,255,93.81),
(13,260,0),
(13,261,0),
(13,262,0),
(13,263,0),
(13,268,90),
(13,269,0.4),
(13,287,0),
(13,291,0),
(13,301,7),
(13,303,0.2),
(13,304,5),
(13,305,8),
(13,306,73),
(13,307,5),
(13,309,0.04),
(13,312,0.008),
(13,315,0.249),
(13,317,0.1),
(13,319,0),
(13,321,0),
(13,323,0),
(13,324,0),
(13,339,0),
(13,401,0),
(13,404,0),
(13,405,0),
(13,406,0),
(13,409,0),
(13,410,0),
(13,415,0),
(13,417,0),
(13,418,0),
(13,431,0),
(13,501,0),
(13,502,0),
(13,503,0),
(13,504,0),
(13,505,0),
(13,506,0),
(13,507,0),
(13,508,0),
(13,509,0),
(13,510,0),
(13,511,0),
(13,512,0),
(13,513,0),
(13,514,0),
(13,515,0),
(13,516,0),
(13,517,0),
(13,518,0),
(13,601,0),
(13,605,0),
(13,606,0),
(13,607,0),
(13,608,0),
(13,609,0),
(13,610,0),
(13,611,0),
(13,612,0),
(13,613,0),
(13,614,0),
(13,615,0),
(13,617,0),
(13,618,0),
(13,619,0),
(13,620,0),
(13,621,0),
(13,624,0),
(13,625,0),
(13,626,0),
(13,627,0),
(13,628,0),
(13,629,0),
(13,630,0),
(13,631,0),
(13,636,0),
(13,638,0),
(13,645,0),
(13,646,0),
(13,652,0),
(13,653,0),
(13,654,0),
(13,802,0),
(13,803,0),
(13,806,0),
(13,810,0),
(13,814,0),
(13,815,0),
(13,816,0),
(13,817,0),
(13,818,0),
(13,819,0),
(13,820,0),
(13,821,0),
(13,823,0),
(13,824,0),
(13,825,0),
(13,826,0),
(13,827,0),
(13,828,0),
(13,829,0),
(13,830,0),
(13,831,0),
(13,832,0),
(13,833,0),
(13,838,0),
(13,840,0),
(13,841,0),
(13,843,0),
(13,845,0),
(13,846,0),
(13,847,0),
(13,848,0),
(13,849,0),
(13,852,0),
(13,853,0),
(13,854,0),
(13,855,0),
(13,859,0),
(13,861,0),
(13,866,0),
(13,868,0),
(13,869,0),
(14,203,0),
(14,204,0),
(14,205,0.04),
(14,207,0.02),
(14,208,18),
(14,221,0),
(14,255,94.78),
(14,262,0),
(14,263,0),
(14,268,76),
(14,269,0.04),
(14,291,0),
(14,301,6),
(14,303,0.03),
(14,304,1),
(14,305,4),
(14,306,2),
(14,307,2),
(14,309,0.01),
(14,312,0.006),
(14,317,0.5),
(14,319,0),
(14,321,0),
(14,323,0),
(14,324,0),
(14,339,0),
(14,401,0),
(14,404,0),
(14,405,0),
(14,406,0),
(14,409,0),
(14,410,0),
(14,415,0),
(14,417,0),
(14,418,0),
(14,430,0),
(14,431,0),
(14,501,0),
(14,502,0),
(14,503,0),
(14,504,0),
(14,505,0),
(14,506,0),
(14,507,0),
(14,508,0),
(14,509,0),
(14,510,0),
(14,511,0),
(14,512,0),
(14,513,0),
(14,514,0),
(14,515,0),
(14,516,0),
(14,517,0),
(14,518,0),
(14,601,0),
(14,605,0),
(14,606,0),
(14,607,0),
(14,608,0),
(14,609,0),
(14,610,0),
(14,611,0),
(14,612,0),
(14,613,0),
(14,614,0),
(14,615,0),
(14,617,0),
(14,618,0),
(14,619,0),
(14,620,0),
(14,621,0),
(14,624,0),
(14,625,0),
(14,626,0),
(14,627,0),
(14,628,0),
(14,629,0),
(14,630,0),
(14,631,0),
(14,636,0),
(14,638,0),
(14,645,0),
(14,646,0),
(14,652,0),
(14,653,0),
(14,654,0),
(14,806,0),
(14,810,0),
(14,814,0),
(14,815,0),
(14,816,0),
(14,817,0),
(14,818,0),
(14,819,0),
(14,820,0),
(14,821,0),
(14,823,0),
(14,824,0),
(14,825,0),
(14,826,0),
(14,827,0),
(14,828,0),
(14,829,0),
(14,830,0),
(14,831,0),
(14,832,0),
(14,833,0),
(14,834,0),
(14,835,0),
(14,836,0),
(14,837,0),
(14,838,0),
(14,840,0),
(14,841,0),
(14,843,0),
(14,845,0),
(14,846,0),
(14,847,0),
(14,848,0),
(14,849,0),
(14,852,0),
(14,853,0),
(14,854,0),
(14,855,0),
(14,859,0),
(14,861,0),
(14,862,0),
(14,866,0),
(14,868,0),
(14,869,0),
(16,203,0.85),
(16,204,81.11),
(16,205,0.06),
(16,207,2.11),
(16,208,717),
(16,221,0),
(16,255,15.87),
(16,262,0),
(16,263,0),
(16,268,2999),
(16,269,0.06),
(16,291,0),
(16,301,24),
(16,303,0.16),
(16,304,2),
(16,305,23),
(16,306,26),
(16,307,659),
(16,309,0.05),
(16,312,0.016),
(16,315,0.004),
(16,317,1),
(16,319,671),
(16,321,158),
(16,323,2.32),
(16,324,60),
(16,339,1.5),
(16,401,0),
(16,404,0.005),
(16,405,0.034),
(16,406,0.042),
(16,409,0.242),
(16,410,0.11),
(16,415,0.003),
(16,417,3),
(16,418,0.13),
(16,430,7),
(16,431,0),
(16,501,0.012),
(16,502,0.038),
(16,503,0.051),
(16,504,0.083),
(16,505,0.067),
(16,506,0.021),
(16,507,0.008),
(16,508,0.041),
(16,509,0.041),
(16,510,0.057),
(16,511,0.031),
(16,512,0.023),
(16,513,0.029),
(16,514,0.064),
(16,515,0.178),
(16,516,0.018),
(16,517,0.082),
(16,518,0.046),
(16,601,219),
(16,606,50.489),
(16,607,2.63),
(16,608,1.557),
(16,609,0.906),
(16,610,2.034),
(16,611,2.277),
(16,612,8.157),
(16,613,21.334),
(16,614,9.829),
(16,617,20.405),
(16,618,1.832),
(16,619,1.18),
(16,620,0),
(16,621,0),
(16,626,1.816),
(16,627,0),
(16,628,0),
(16,629,0),
(16,630,0),
(16,631,0),
(16,645,23.426),
(16,646,3.012),
(16,806,3),
(16,814,684),
(16,815,3),
(16,825,1.453),
(16,827,0),
(16,831,1.18),
(16,832,0),
(16,834,0),
(16,835,0),
(16,836,0),
(16,837,0),
(16,840,0),
(16,852,0),
(16,854,0),
(16,855,0),
(16,861,0),
(16,862,18.8),
(16,863,0.3),
(16,868,1.18),
(16,869,1.453),
(17,203,0.28),
(17,204,99.48),
(17,205,0),
(17,207,0),
(17,208,876),
(17,210,0),
(17,211,0),
(17,212,0),
(17,213,0),
(17,214,0),
(17,221,0),
(17,255,0.24),
(17,260,0),
(17,261,0),
(17,262,0),
(17,263,0),
(17,268,3664),
(17,269,0),
(17,287,0),
(17,291,0),
(17,301,4),
(17,303,0),
(17,304,0),
(17,305,3),
(17,306,5),
(17,307,2),
(17,309,0.01),
(17,312,0.001),
(17,315,0),
(17,317,0),
(17,319,824),
(17,321,193),
(17,323,2.8),
(17,324,73),
(17,339,1.8),
(17,401,0),
(17,404,0.001),
(17,405,0.005),
(17,406,0.003),
(17,409,0.07),
(17,410,0.01),
(17,415,0.001),
(17,417,0),
(17,418,0.01),
(17,430,8.6),
(17,431,0),
(17,501,0.004),
(17,502,0.013),
(17,503,0.017),
(17,504,0.027),
(17,505,0.022),
(17,506,0.007),
(17,507,0.003),
(17,508,0.014),
(17,509,0.014),
(17,510,0.019),
(17,511,0.01),
(17,512,0.008),
(17,513,0.01),
(17,514,0.021),
(17,515,0.059),
(17,516,0.006),
(17,517,0.027),
(17,518,0.015),
(17,601,256),
(17,606,61.924),
(17,607,3.226),
(17,608,1.91),
(17,609,1.112),
(17,610,2.495),
(17,611,2.793),
(17,612,10.005),
(17,613,26.166),
(17,614,12.056),
(17,617,25.026),
(17,618,2.247),
(17,619,1.447),
(17,620,0),
(17,621,0),
(17,626,2.228),
(17,627,0),
(17,628,0),
(17,629,0),
(17,630,0),
(17,631,0),
(17,636,0),
(17,638,0),
(17,645,28.732),
(17,646,3.694),
(17,802,0),
(17,803,0),
(17,806,0),
(17,810,0),
(17,814,840),
(17,815,0),
(17,816,0),
(17,825,1.779),
(17,827,0),
(17,831,1.44),
(17,832,0),
(17,834,0),
(17,835,0),
(17,836,0),
(17,837,0),
(17,840,0),
(17,852,0),
(17,854,0),
(17,855,0),
(17,861,0),
(17,862,22.3),
(17,868,1.44),
(17,869,1.779),
(18,203,21.4),
(18,204,28.74),
(18,205,2.34),
(18,207,5.11),
(18,208,353),
(18,221,0),
(18,255,42.41),
(18,262,0),
(18,263,0),
(18,268,1477),
(18,269,0.5),
(18,291,0),
(18,301,528),
(18,303,0.31),
(18,304,23),
(18,305,387),
(18,306,256),
(18,307,1146),
(18,309,2.66),
(18,312,0.04),
(18,315,0.009),
(18,317,14.5),
(18,319,192),
(18,321,74),
(18,323,0.25),
(18,324,21),
(18,339,0.5),
(18,401,0),
(18,404,0.029),
(18,405,0.382),
(18,406,1.016),
(18,409,6.216),
(18,410,1.729),
(18,415,0.166),
(18,416,2.1),
(18,417,36),
(18,418,1.22),
(18,430,2.4),
(18,431,0),
(18,501,0.312),
(18,502,0.785),
(18,503,1.124),
(18,504,1.919),
(18,505,1.852),
(18,506,0.584),
(18,507,0.107),
(18,508,1.087),
(18,509,1.295),
(18,510,1.556),
(18,511,0.711),
(18,512,0.758),
(18,513,0.644),
(18,514,1.436),
(18,515,5.179),
(18,516,0.406),
(18,517,2.1),
(18,518,1.12),
(18,601,75),
(18,606,18.669),
(18,607,0.658),
(18,608,0.361),
(18,609,0.247),
(18,610,0.601),
(18,611,0.491),
(18,612,3.301),
(18,613,9.153),
(18,614,3.235),
(18,617,6.622),
(18,618,0.536),
(18,619,0.264),
(18,620,0),
(18,621,0),
(18,626,0.816),
(18,627,0),
(18,628,0),
(18,629,0),
(18,630,0),
(18,631,0),
(18,645,7.778),
(18,646,0.8),
(18,806,36),
(18,814,198),
(18,815,36),
(18,825,0.421),
(18,827,0),
(18,831,0.24),
(18,832,0),
(18,834,0),
(18,835,0),
(18,836,0),
(18,837,0),
(18,840,0),
(18,852,0),
(18,854,0),
(18,855,0),
(18,861,0),
(18,862,15.4),
(18,868,0.24),
(18,869,0.421),
(19,203,23.24),
(19,204,29.68),
(19,205,2.79),
(19,207,3.18),
(19,208,371),
(19,221,0),
(19,255,41.11),
(19,262,0),
(19,263,0),
(19,268,1552),
(19,269,0.51),
(19,291,0),
(19,301,674),
(19,303,0.43),
(19,304,24),
(19,305,451),
(19,306,136),
(19,307,560),
(19,309,2.6),
(19,312,0.024),
(19,315,0.012),
(19,317,14.5),
(19,319,286),
(19,321,76),
(19,323,0.26),
(19,324,22),
(19,339,0.5),
(19,401,0),
(19,404,0.014),
(19,405,0.351),
(19,406,0.118),
(19,409,5.518),
(19,410,0.288),
(19,415,0.065),
(19,416,1.7),
(19,417,20),
(19,418,1.26),
(19,430,2.5),
(19,431,0),
(19,501,0.324),
(19,502,0.882),
(19,503,1.137),
(19,504,2.244),
(19,505,2.124),
(19,506,0.565),
(19,507,0.131),
(19,508,1.231),
(19,509,1.115),
(19,510,1.472),
(19,511,0.874),
(19,512,0.823),
(19,513,0.67),
(19,514,1.588),
(19,515,5.515),
(19,516,0.437),
(19,517,2.575),
(19,518,1.289),
(19,601,94),
(19,606,18.764),
(19,607,0.914),
(19,608,0.373),
(19,609,0.299),
(19,610,0.585),
(19,611,0.482),
(19,612,3.227),
(19,613,8.655),
(19,614,3.455),
(19,617,7.401),
(19,618,0.491),
(19,619,0.293),
(19,620,0),
(19,621,0),
(19,626,0.817),
(19,627,0),
(19,628,0),
(19,629,0),
(19,630,0),
(19,631,0),
(19,645,8.598),
(19,646,0.784),
(19,806,20),
(19,814,292),
(19,815,20),
(19,825,0.389),
(19,827,0),
(19,831,0.29),
(19,832,0),
(19,834,0),
(19,835,0),
(19,836,0),
(19,837,0),
(19,840,0),
(19,852,0),
(19,854,0),
(19,855,0),
(19,861,0),
(19,862,15.4),
(19,868,0.29),
(19,869,0.389),
(20,203,20.75),
(20,204,27.68),
(20,205,0.45),
(20,207,2.7),
(20,208,334),
(20,221,0),
(20,255,48.42),
(20,262,0),
(20,263,0),
(20,268,1396),
(20,269,0.45),
(20,291,0),
(20,301,184),
(20,303,0.5),
(20,304,20),
(20,305,188),
(20,306,152),
(20,307,629),
(20,309,2.38),
(20,312,0.019),
(20,315,0.034),
(20,317,14.5),
(20,319,173),
(20,321,9),
(20,323,0.24),
(20,324,20),
(20,339,0.5),
(20,401,0),
(20,404,0.07),
(20,405,0.52),
(20,406,0.38),
(20,409,5.747),
(20,410,0.69),
(20,415,0.235),
(20,417,65),
(20,418,1.65),
(20,430,2.3),
(20,431,0),
(20,501,0.322),
(20,502,0.751),
(20,503,1.015),
(20,504,1.929),
(20,505,1.851),
(20,506,0.592),
(20,507,0.114),
(20,508,1.158),
(20,509,1.2),
(20,510,1.34),
(20,511,0.735),
(20,512,0.716),
(20,513,0.859),
(20,514,1.35),
(20,515,4.387),
(20,516,0.397),
(20,517,2.459),
(20,518,1.168),
(20,601,100),
(20,606,17.41),
(20,607,0.564),
(20,608,0.323),
(20,609,0.297),
(20,610,0.673),
(20,611,0.504),
(20,612,3.065),
(20,613,8.246),
(20,614,2.88),
(20,617,6.563),
(20,618,0.513),
(20,619,0.313),
(20,620,0),
(20,621,0),
(20,626,1.007),
(20,627,0),
(20,628,0),
(20,629,0),
(20,630,0),
(20,631,0),
(20,645,8.013),
(20,646,0.826),
(20,806,65),
(20,814,174),
(20,815,65),
(20,825,0.405),
(20,827,0),
(20,831,0.31),
(20,832,0),
(20,834,0),
(20,835,0),
(20,836,0),
(20,837,0),
(20,840,0),
(20,852,0),
(20,854,0),
(20,855,0),
(20,861,0),
(20,862,15.4),
(20,868,0.31),
(20,869,0.405),
(21,203,19.8),
(21,204,24.26),
(21,205,0.46),
(21,207,3.68),
(21,208,300),
(21,221,0),
(21,255,51.8),
(21,262,0),
(21,263,0),
(21,268,1253),
(21,269,0.46),
(21,291,0),
(21,301,388),
(21,303,0.33),
(21,304,20),
(21,305,347),
(21,306,187),
(21,307,842),
(21,309,2.38),
(21,312,0.021),
(21,315,0.038),
(21,317,14.5),
(21,319,240),
(21,321,12),
(21,323,0.21),
(21,324,18),
(21,339,0.4),
(21,401,0),
(21,404,0.028),
(21,405,0.488),
(21,406,0.63),
(21,409,5.747),
(21,410,1.364),
(21,415,0.227),
(21,417,62),
(21,418,1.3),
(21,430,2),
(21,431,0),
(21,501,0.307),
(21,502,0.717),
(21,503,0.968),
(21,504,1.84),
(21,505,1.766),
(21,506,0.565),
(21,507,0.109),
(21,508,1.105),
(21,509,1.145),
(21,510,1.279),
(21,511,0.701),
(21,512,0.683),
(21,513,0.819),
(21,514,1.288),
(21,515,4.187),
(21,516,0.379),
(21,517,2.346),
(21,518,1.114),
(21,601,72),
(21,606,15.259),
(21,607,0.494),
(21,608,0.283),
(21,609,0.26),
(21,610,0.59),
(21,611,0.442),
(21,612,2.686),
(21,613,7.227),
(21,614,2.524),
(21,617,5.752),
(21,618,0.45),
(21,619,0.274),
(21,620,0),
(21,621,0),
(21,626,0.883),
(21,627,0),
(21,628,0),
(21,629,0),
(21,630,0),
(21,631,0),
(21,645,7.023),
(21,646,0.724),
(21,806,62),
(21,814,241),
(21,815,62),
(21,825,0.357),
(21,827,0),
(21,831,0.27),
(21,832,0),
(21,834,0),
(21,835,0),
(21,836,0),
(21,837,0),
(21,840,0),
(21,852,0),
(21,854,0),
(21,855,0),
(21,861,0),
(21,862,15.4),
(21,868,0.27),
(21,869,0.357),
(22,203,25.18),
(22,204,29.2),
(22,205,3.06),
(22,207,3.28),
(22,208,376),
(22,255,39.28),
(22,262,0),
(22,263,0),
(22,268,1573),
(22,291,0),
(22,301,673),
(22,303,0.64),
(22,304,22),
(22,305,490),
(22,306,93),
(22,307,690),
(22,309,2.94),
(22,312,0.024),
(22,315,0.021),
(22,317,14.5),
(22,319,262),
(22,321,108),
(22,324,12),
(22,339,0.3),
(22,401,0),
(22,404,0.031),
(22,405,0.45),
(22,406,0.18),
(22,409,5.58),
(22,410,0.19),
(22,415,0.074),
(22,417,18),
(22,418,0.27),
(22,431,0),
(22,501,0.324),
(22,502,0.896),
(22,503,1.563),
(22,504,2.412),
(22,505,2.095),
(22,506,0.659),
(22,507,0.126),
(22,508,1.326),
(22,509,1.216),
(22,510,1.682),
(22,511,0.952),
(22,512,0.884),
(22,513,0.711),
(22,514,1.618),
(22,515,6.16),
(22,516,0.439),
(22,517,2.838),
(22,518,1.472),
(22,601,93),
(22,606,18.584),
(22,607,0.922),
(22,608,0.466),
(22,609,0.246),
(22,610,0.529),
(22,611,0.477),
(22,612,2.934),
(22,613,8.638),
(22,614,3.531),
(22,617,6.965),
(22,618,0.508),
(22,619,0.322),
(22,620,0),
(22,621,0),
(22,626,0.885),
(22,627,0),
(22,628,0),
(22,629,0),
(22,630,0),
(22,631,0),
(22,645,8.275),
(22,646,0.83),
(22,806,18),
(22,814,271),
(22,815,18),
(22,825,0.397),
(22,827,0),
(22,831,0.32),
(22,832,0),
(22,840,0),
(22,852,0),
(22,854,0),
(22,855,0),
(22,861,0),
(22,868,0.32),
(22,869,0.397),
(23,203,23.37),
(23,204,30.6),
(23,205,4.78),
(23,207,3.6),
(23,208,387),
(23,255,37.65),
(23,262,0),
(23,263,0),
(23,268,1620),
(23,291,0),
(23,301,643),
(23,303,0.21),
(23,304,21),
(23,305,464),
(23,306,95),
(23,307,700),
(23,309,2.79),
(23,312,0.042),
(23,315,0.012),
(23,317,14.5),
(23,319,220),
(23,321,156),
(23,323,0.27),
(23,324,12),
(23,339,0.3),
(23,401,0),
(23,404,0.046),
(23,405,0.293),
(23,406,0.08),
(23,409,5.08),
(23,410,0.413),
(23,415,0.074),
(23,417,18),
(23,418,0.83),
(23,431,0),
(23,501,0.3),
(23,502,0.832),
(23,503,1.451),
(23,504,2.238),
(23,505,1.945),
(23,506,0.612),
(23,507,0.117),
(23,508,1.231),
(23,509,1.128),
(23,510,1.56),
(23,511,0.883),
(23,512,0.821),
(23,513,0.659),
(23,514,1.502),
(23,515,5.718),
(23,516,0.403),
(23,517,2.634),
(23,518,1.366),
(23,601,103),
(23,606,19.475),
(23,607,0.966),
(23,608,0.488),
(23,609,0.258),
(23,610,0.554),
(23,611,0.5),
(23,612,3.075),
(23,613,9.052),
(23,614,3.7),
(23,617,7.299),
(23,618,0.533),
(23,619,0.337),
(23,620,0),
(23,621,0),
(23,626,0.927),
(23,627,0),
(23,628,0),
(23,629,0),
(23,630,0),
(23,631,0),
(23,645,8.671),
(23,646,0.87),
(23,806,18),
(23,814,233),
(23,815,18),
(23,825,0.421),
(23,827,0),
(23,831,0.33),
(23,832,0),
(23,840,0),
(23,852,0),
(23,854,0),
(23,855,0),
(23,861,0),
(23,868,0.33),
(23,869,0.421),
(24,203,23.76),
(24,204,32.11),
(24,205,2.57),
(24,207,3.36),
(24,208,394),
(24,221,0),
(24,255,38.2),
(24,262,0),
(24,263,0),
(24,268,1647),
(24,269,0.52),
(24,291,0),
(24,301,685),
(24,303,0.76),
(24,304,26),
(24,305,457),
(24,306,127),
(24,307,604),
(24,309,3.07),
(24,312,0.042),
(24,315,0.012),
(24,317,14.5),
(24,319,257),
(24,321,82),
(24,323,0.28),
(24,324,24),
(24,339,0.6),
(24,401,0),
(24,404,0.015),
(24,405,0.375),
(24,406,0.093),
(24,409,5.176),
(24,410,0.21),
(24,415,0.079),
(24,417,18),
(24,418,0.83),
(24,430,2.7),
(24,431,0),
(24,501,0.305),
(24,502,0.845),
(24,503,1.475),
(24,504,2.275),
(24,505,1.978),
(24,506,0.622),
(24,507,0.119),
(24,508,1.251),
(24,509,1.147),
(24,510,1.586),
(24,511,0.898),
(24,512,0.834),
(24,513,0.67),
(24,514,1.527),
(24,515,5.813),
(24,516,0.41),
(24,517,2.678),
(24,518,1.389),
(24,601,95),
(24,606,20.218),
(24,607,1.041),
(24,608,0.259),
(24,609,0.324),
(24,610,0.597),
(24,611,0.422),
(24,612,3.831),
(24,613,8.232),
(24,614,3.63),
(24,617,7.813),
(24,618,0.676),
(24,619,0.277),
(24,620,0),
(24,621,0),
(24,626,0.979),
(24,627,0),
(24,628,0),
(24,629,0),
(24,630,0),
(24,631,0),
(24,645,9.28),
(24,646,0.953),
(24,806,18),
(24,814,264),
(24,815,18),
(24,825,0.532),
(24,827,0),
(24,831,0.27),
(24,832,0),
(24,834,0),
(24,835,0),
(24,836,0),
(24,837,0),
(24,840,0),
(24,852,0),
(24,854,0),
(24,855,0),
(24,861,0),
(24,862,15.4),
(24,868,0.27),
(24,869,0.532),
(25,203,11.12),
(25,204,4.3),
(25,205,3.38),
(25,207,1.41),
(25,208,99),
(25,210,0),
(25,211,0),
(25,212,0),
(25,213,2.67),
(25,214,0),
(25,221,0),
(25,255,79.79),
(25,262,0),
(25,263,0),
(25,268,412),
(25,269,2.67),
(25,287,0),
(25,291,0),
(25,301,83),
(25,303,0.07),
(25,304,8),
(25,305,159),
(25,306,104),
(25,307,364),
(25,309,0.4),
(25,312,0.029),
(25,315,0.002),
(25,317,9.7),
(25,319,36),
(25,321,12),
(25,323,0.08),
(25,324,3),
(25,339,0.1),
(25,401,0),
(25,404,0.027),
(25,405,0.163),
(25,406,0.099),
(25,409,2.549),
(25,410,0.557),
(25,415,0.046),
(25,417,12),
(25,418,0.43),
(25,430,0),
(25,431,0),
(25,501,0.147),
(25,502,0.5),
(25,503,0.591),
(25,504,1.116),
(25,505,0.934),
(25,506,0.269),
(25,507,0.066),
(25,508,0.577),
(25,509,0.604),
(25,510,0.748),
(25,511,0.497),
(25,512,0.326),
(25,513,0.384),
(25,514,0.905),
(25,515,2.603),
(25,516,0.222),
(25,517,1.229),
(25,518,0.639),
(25,601,17),
(25,606,1.718),
(25,607,0.109),
(25,608,0.025),
(25,609,0.023),
(25,610,0.064),
(25,611,0.07),
(25,612,0.263),
(25,613,0.778),
(25,614,0.345),
(25,617,0.714),
(25,618,0.105),
(25,619,0.017),
(25,620,0),
(25,621,0),
(25,625,0.01),
(25,626,0.047),
(25,627,0),
(25,628,0),
(25,629,0),
(25,630,0),
(25,631,0),
(25,645,0.778),
(25,646,0.123),
(25,652,0.02),
(25,653,0.01),
(25,806,12),
(25,811,0),
(25,812,0),
(25,813,0),
(25,814,37),
(25,815,12),
(25,825,0.079),
(25,827,0),
(25,831,0.01),
(25,832,0),
(25,834,0),
(25,835,0),
(25,836,0),
(25,837,0),
(25,840,0),
(25,852,0),
(25,854,0),
(25,855,0),
(25,861,0),
(25,862,18.4),
(25,863,0.7),
(25,868,0.01),
(25,869,0.079),
(26,203,10.69),
(26,204,3.85),
(26,205,4.61),
(26,207,1.2),
(26,208,97),
(26,221,0),
(26,255,79.64),
(26,262,0),
(26,263,0),
(26,268,407),
(26,269,2.38),
(26,291,0.2),
(26,301,53),
(26,303,0.16),
(26,304,7),
(26,305,113),
(26,306,90),
(26,307,344),
(26,309,0.33),
(26,312,0.04),
(26,315,0.003),
(26,317,7.7),
(26,319,37),
(26,321,14),
(26,323,0.04),
(26,324,0),
(26,339,0),
(26,401,1.4),
(26,404,0.033),
(26,405,0.142),
(26,406,0.15),
(26,409,2.117),
(26,410,0.181),
(26,415,0.068),
(26,417,11),
(26,418,0.53),
(26,430,0.4),
(26,431,0),
(26,501,0.118),
(26,502,0.471),
(26,503,0.624),
(26,504,1.091),
(26,505,0.859),
(26,506,0.32),
(26,507,0.099),
(26,508,0.572),
(26,509,0.566),
(26,510,0.657),
(26,511,0.485),
(26,512,0.353),
(26,513,0.551),
(26,514,0.719),
(26,515,2.3),
(26,516,0.231),
(26,517,1.23),
(26,518,0.596),
(26,601,13),
(26,606,2.311),
(26,607,0.123),
(26,608,0.027),
(26,609,0.031),
(26,610,0.07),
(26,611,0.061),
(26,612,0.401),
(26,613,1.159),
(26,614,0.438),
(26,617,0.899),
(26,618,0.088),
(26,619,0.037),
(26,620,0),
(26,621,0),
(26,626,0.137),
(26,627,0),
(26,628,0),
(26,629,0),
(26,630,0),
(26,631,0),
(26,645,1.036),
(26,646,0.124),
(26,806,11),
(26,814,38),
(26,815,11),
(26,825,0.064),
(26,827,0),
(26,831,0.03),
(26,832,0),
(26,834,0),
(26,835,0),
(26,836,0),
(26,837,0),
(26,840,0),
(26,852,0),
(26,854,0),
(26,855,0),
(26,861,0),
(26,862,17.5),
(26,868,0.03),
(26,869,0.064),
(27,203,10.34),
(27,204,0.29),
(27,205,6.66),
(27,207,1.71),
(27,208,72),
(27,210,0),
(27,211,0.29),
(27,212,0),
(27,213,1.56),
(27,214,0),
(27,221,0),
(27,255,81.01),
(27,262,0),
(27,263,0),
(27,268,303),
(27,269,1.85),
(27,291,0),
(27,301,86),
(27,303,0.15),
(27,304,11),
(27,305,190),
(27,306,137),
(27,307,372),
(27,309,0.47),
(27,312,0.03),
(27,315,0.022),
(27,317,9.4),
(27,319,2),
(27,321,0),
(27,323,0.01),
(27,324,0),
(27,339,0),
(27,401,0),
(27,404,0.023),
(27,405,0.226),
(27,406,0.144),
(27,409,2.427),
(27,410,0.446),
(27,415,0.016),
(27,417,9),
(27,418,0.46),
(27,430,0),
(27,431,0),
(27,501,0.137),
(27,502,0.465),
(27,503,0.549),
(27,504,1.037),
(27,505,0.868),
(27,506,0.25),
(27,507,0.061),
(27,508,0.536),
(27,509,0.561),
(27,510,0.695),
(27,511,0.462),
(27,512,0.303),
(27,513,0.357),
(27,514,0.841),
(27,515,2.419),
(27,516,0.206),
(27,517,1.142),
(27,518,0.594),
(27,601,7),
(27,606,0.169),
(27,607,0.007),
(27,608,0.002),
(27,609,0.005),
(27,610,0.009),
(27,611,0.006),
(27,612,0.02),
(27,613,0.07),
(27,614,0.05),
(27,615,0),
(27,617,0.067),
(27,618,0.003),
(27,619,0),
(27,620,0),
(27,621,0),
(27,624,0),
(27,626,0.012),
(27,627,0),
(27,628,0),
(27,629,0),
(27,630,0),
(27,631,0),
(27,645,0.079),
(27,646,0.003),
(27,652,0),
(27,653,0),
(27,654,0),
(27,806,9),
(27,811,0),
(27,812,0.01),
(27,813,0),
(27,814,2),
(27,815,9),
(27,820,0),
(27,823,0),
(27,825,0.002),
(27,826,0),
(27,827,0),
(27,831,0),
(27,832,0),
(27,834,0),
(27,835,0),
(27,836,0),
(27,837,0),
(27,840,0),
(27,843,0),
(27,845,0),
(27,852,0),
(27,854,0),
(27,855,0),
(27,861,0),
(27,862,17.9),
(27,863,0.9),
(27,868,0),
(27,869,0.002),
(28,203,5.93),
(28,204,34.24),
(28,205,4.07),
(28,207,1.32),
(28,208,342),
(28,210,0),
(28,211,0),
(28,212,0),
(28,213,3.21),
(28,214,0),
(28,221,0),
(28,255,54.44),
(28,262,0),
(28,263,0),
(28,268,1431),
(28,269,3.21),
(28,287,0),
(28,291,0),
(28,301,98),
(28,303,0.38),
(28,304,9),
(28,305,106),
(28,306,138),
(28,307,365),
(28,309,0.51),
(28,312,0.019),
(28,315,0.011),
(28,317,2.4),
(28,319,359),
(28,321,88),
(28,323,0.29),
(28,324,25),
(28,339,0.6),
(28,401,0),
(28,404,0.02),
(28,405,0.125),
(28,406,0.145),
(28,409,1.295),
(28,410,0.57),
(28,415,0.035),
(28,416,2),
(28,417,11),
(28,418,0.25),
(28,430,2.9),
(28,431,0),
(28,501,0.069),
(28,502,0.233),
(28,503,0.324),
(28,504,0.657),
(28,505,0.567),
(28,506,0.191),
(28,507,0.042),
(28,508,0.291),
(28,509,0.303),
(28,510,0.395),
(28,511,0.235),
(28,512,0.175),
(28,513,0.184),
(28,514,0.514),
(28,515,1.304),
(28,516,0.142),
(28,517,0.665),
(28,518,0.374),
(28,601,110),
(28,606,19.292),
(28,607,0.998),
(28,608,0.294),
(28,609,0.356),
(28,610,0.825),
(28,611,0.919),
(28,612,3.042),
(28,613,8.497),
(28,614,3.823),
(28,615,0.05),
(28,617,7.923),
(28,618,1.032),
(28,619,0.173),
(28,620,0.058),
(28,621,0),
(28,624,0),
(28,625,0.24),
(28,626,0.448),
(28,627,0),
(28,628,0),
(28,629,0),
(28,630,0),
(28,631,0),
(28,645,8.62),
(28,646,1.437),
(28,652,0.31),
(28,653,0.17),
(28,806,11),
(28,810,0.35),
(28,811,0),
(28,812,0.04),
(28,813,0),
(28,814,366),
(28,815,11),
(28,823,0),
(28,825,0.818),
(28,826,0),
(28,827,0),
(28,828,0),
(28,831,0.173),
(28,832,0),
(28,833,0),
(28,834,0),
(28,835,0),
(28,836,0),
(28,837,0),
(28,840,0),
(28,852,0),
(28,854,0),
(28,855,0.05),
(28,861,0),
(28,862,27.2),
(28,863,0.7),
(28,868,0.17),
(28,869,0.868),
(29,203,24.99),
(29,204,27.8),
(29,205,1.43),
(29,207,4.22),
(29,208,357),
(29,221,0),
(29,255,41.56),
(29,262,0),
(29,263,0),
(29,268,1492),
(29,269,1.43),
(29,291,0),
(29,301,731),
(29,303,0.44),
(29,304,30),
(29,305,536),
(29,306,188),
(29,307,812),
(29,309,3.75),
(29,312,0.036),
(29,315,0.011),
(29,317,14.5),
(29,319,242),
(29,321,11),
(29,323,0.24),
(29,324,20),
(29,339,0.5),
(29,401,0),
(29,404,0.037),
(29,405,0.389),
(29,406,0.082),
(29,409,5.949),
(29,410,0.281),
(29,415,0.076),
(29,417,16),
(29,418,1.54),
(29,430,2.3),
(29,431,0),
(29,501,0.352),
(29,502,0.932),
(29,503,1.308),
(29,504,2.57),
(29,505,2.66),
(29,506,0.721),
(29,507,0.255),
(29,508,1.434),
(29,509,1.457),
(29,510,1.81),
(29,511,0.964),
(29,512,1.034),
(29,513,0.764),
(29,514,1.747),
(29,515,6.15),
(29,516,0.486),
(29,517,3.251),
(29,518,1.547),
(29,601,89),
(29,606,17.572),
(29,607,1),
(29,608,0.461),
(29,609,0.3),
(29,610,0.589),
(29,611,0.496),
(29,612,2.943),
(29,613,8.067),
(29,614,2.983),
(29,617,6.911),
(29,618,0.418),
(29,619,0.247),
(29,620,0),
(29,621,0),
(29,626,0.813),
(29,627,0),
(29,628,0),
(29,629,0),
(29,630,0),
(29,631,0),
(29,645,8.125),
(29,646,0.665),
(29,806,16),
(29,814,243),
(29,815,16),
(29,825,0.326),
(29,827,0),
(29,831,0.24),
(29,832,0),
(29,834,0),
(29,835,0),
(29,836,0),
(29,837,0),
(29,840,0),
(29,852,0),
(29,854,0),
(29,855,0),
(29,861,0),
(29,862,15.4),
(29,868,0.24),
(29,869,0.326),
(30,203,25.6),
(30,204,31.14),
(30,205,1.55),
(30,207,3.79),
(30,208,389),
(30,221,0),
(30,255,37.92),
(30,262,0),
(30,263,0),
(30,268,1628),
(30,269,1.55),
(30,291,0),
(30,301,550),
(30,303,0.23),
(30,304,14),
(30,305,346),
(30,306,64),
(30,307,800),
(30,309,3.5),
(30,312,0.025),
(30,315,0.014),
(30,317,14.5),
(30,319,258),
(30,321,32),
(30,323,0.27),
(30,324,23),
(30,339,0.6),
(30,401,0),
(30,404,0.021),
(30,405,0.204),
(30,406,0.15),
(30,409,6.167),
(30,410,0.429),
(30,415,0.083),
(30,417,6),
(30,418,1.68),
(30,430,2.6),
(30,431,0),
(30,501,0.361),
(30,502,0.935),
(30,503,1.384),
(30,504,2.664),
(30,505,2.328),
(30,506,0.706),
(30,507,0.261),
(30,508,1.497),
(30,509,1.524),
(30,510,1.926),
(30,511,0.835),
(30,512,0.959),
(30,513,0.823),
(30,514,1.413),
(30,515,5.136),
(30,516,0.457),
(30,517,3.323),
(30,518,1.477),
(30,601,116),
(30,606,19.196),
(30,607,0.715),
(30,608,0.489),
(30,609,0.314),
(30,610,0.651),
(30,611,0.804),
(30,612,2.964),
(30,613,8.458),
(30,614,2.655),
(30,617,7.1),
(30,618,0.864),
(30,619,0.79),
(30,620,0),
(30,621,0),
(30,626,0.89),
(30,627,0),
(30,628,0),
(30,629,0),
(30,630,0),
(30,631,0),
(30,645,8.687),
(30,646,1.654),
(30,806,6),
(30,814,261),
(30,815,6),
(30,825,0.683),
(30,827,0),
(30,831,0.79),
(30,832,0),
(30,834,0),
(30,835,0),
(30,836,0),
(30,837,0),
(30,840,0),
(30,852,0),
(30,854,0),
(30,855,0),
(30,861,0),
(30,862,15.4),
(30,868,0.79),
(30,869,0.683),
(31,203,9.65),
(31,204,29.51),
(31,205,42.65),
(31,207,4.75),
(31,208,466),
(31,255,13.44),
(31,262,0),
(31,263,0),
(31,268,1948),
(31,291,0),
(31,301,400),
(31,303,0.52),
(31,304,70),
(31,305,444),
(31,306,1409),
(31,307,600),
(31,309,1.14),
(31,312,0.08),
(31,315,0.04),
(31,317,14.5),
(31,319,334),
(31,321,0),
(31,324,12),
(31,339,0.3),
(31,401,0),
(31,404,0.315),
(31,405,1.382),
(31,406,0.813),
(31,409,3.063),
(31,410,3.351),
(31,415,0.271),
(31,417,5),
(31,418,2.42),
(31,431,0),
(31,501,0.135),
(31,502,0.393),
(31,503,0.519),
(31,504,0.992),
(31,505,0.814),
(31,506,0.318),
(31,507,0.057),
(31,508,0.54),
(31,509,0.541),
(31,510,0.765),
(31,511,0.33),
(31,512,0.293),
(31,513,0.325),
(31,514,0.709),
(31,515,1.987),
(31,516,0.189),
(31,517,1.18),
(31,518,0.47),
(31,601,94),
(31,606,19.16),
(31,607,0.957),
(31,608,0.566),
(31,609,0.33),
(31,610,0.576),
(31,611,0.831),
(31,612,3.27),
(31,613,8.662),
(31,614,3.477),
(31,617,6.955),
(31,618,0.508),
(31,619,0.429),
(31,620,0),
(31,621,0),
(31,626,0.534),
(31,629,0),
(31,631,0),
(31,645,7.879),
(31,646,0.938),
(31,806,5),
(31,814,334),
(31,815,5),
(31,825,0.397),
(31,827,0),
(31,831,0.42),
(31,832,0),
(31,854,0),
(31,855,0),
(31,861,0),
(31,868,0.42),
(31,869,0.397),
(32,203,29.81),
(32,204,32.34),
(32,205,0.36),
(32,207,4.3),
(32,208,413),
(32,221,0),
(32,255,33.19),
(32,262,0),
(32,263,0),
(32,268,1728),
(32,269,0.36),
(32,291,0),
(32,301,1011),
(32,303,0.17),
(32,304,36),
(32,305,605),
(32,306,81),
(32,307,714),
(32,309,3.9),
(32,312,0.032),
(32,315,0.017),
(32,317,14.5),
(32,319,268),
(32,321,33),
(32,323,0.28),
(32,324,24),
(32,339,0.6),
(32,401,0),
(32,404,0.06),
(32,405,0.279),
(32,406,0.106),
(32,409,7.123),
(32,410,0.562),
(32,415,0.081),
(32,417,10),
(32,418,1.6),
(32,430,2.7),
(32,431,0),
(32,501,0.421),
(32,502,1.089),
(32,503,1.612),
(32,504,3.102),
(32,505,2.71),
(32,506,0.822),
(32,507,0.304),
(32,508,1.743),
(32,509,1.776),
(32,510,2.243),
(32,511,0.972),
(32,512,1.117),
(32,513,0.958),
(32,514,1.645),
(32,515,5.981),
(32,516,0.533),
(32,517,3.869),
(32,518,1.719),
(32,601,110),
(32,606,18.913),
(32,607,1.049),
(32,608,0.621),
(32,609,0.355),
(32,610,0.751),
(32,611,0.911),
(32,612,3.369),
(32,613,8.753),
(32,614,2.324),
(32,617,8.582),
(32,618,1.3),
(32,619,0.433),
(32,620,0),
(32,621,0),
(32,626,0.724),
(32,627,0),
(32,628,0),
(32,629,0),
(32,630,0),
(32,631,0),
(32,645,10.043),
(32,646,1.733),
(32,806,10),
(32,814,271),
(32,815,10),
(32,825,1.032),
(32,827,0),
(32,831,0.43),
(32,832,0),
(32,834,0),
(32,835,0),
(32,836,0),
(32,837,0),
(32,840,0),
(32,852,0),
(32,854,0),
(32,855,0),
(32,861,0),
(32,862,15.4),
(32,868,0.43),
(32,869,1.032),
(33,203,20.05),
(33,204,27.25),
(33,205,0.49),
(33,207,3.79),
(33,208,327),
(33,221,0),
(33,255,48.42),
(33,262,0),
(33,263,0),
(33,268,1368),
(33,269,0.49),
(33,291,0),
(33,301,497),
(33,303,0.13),
(33,304,21),
(33,305,393),
(33,306,128),
(33,307,800),
(33,309,2.1),
(33,312,0.021),
(33,315,0.038),
(33,317,14.5),
(33,319,339),
(33,321,15),
(33,323,0.23),
(33,324,20),
(33,339,0.5),
(33,401,0),
(33,404,0.08),
(33,405,0.503),
(33,406,0.158),
(33,409,4.975),
(33,410,1.177),
(33,415,0.086),
(33,416,5.9),
(33,417,58),
(33,418,1.04),
(33,430,2.3),
(33,431,0),
(33,501,0.289),
(33,502,0.739),
(33,503,1.219),
(33,504,2.093),
(33,505,1.675),
(33,506,0.619),
(33,507,0.11),
(33,508,1.116),
(33,509,1.197),
(33,510,1.439),
(33,511,0.698),
(33,512,0.578),
(33,513,0.666),
(33,514,1.477),
(33,515,4.51),
(33,516,0.409),
(33,517,2.439),
(33,518,1.144),
(33,601,90),
(33,606,16.746),
(33,607,0.803),
(33,608,0.489),
(33,609,0.275),
(33,610,0.481),
(33,611,0.87),
(33,612,2.787),
(33,613,7.401),
(33,614,3.054),
(33,617,7.179),
(33,618,0.339),
(33,619,0.156),
(33,620,0),
(33,621,0),
(33,626,1.013),
(33,627,0),
(33,628,0),
(33,629,0),
(33,630,0),
(33,631,0),
(33,645,8.606),
(33,646,0.495),
(33,806,58),
(33,814,340),
(33,815,58),
(33,825,0.262),
(33,827,0),
(33,831,0.15),
(33,832,0),
(33,834,0),
(33,835,0),
(33,836,0),
(33,837,0),
(33,840,0),
(33,852,0),
(33,854,0),
(33,855,0),
(33,861,0),
(33,862,15.4),
(33,868,0.15),
(33,869,0.262),
(34,203,24.48),
(34,204,30.28),
(34,205,0.68),
(34,207,3.55),
(34,208,374),
(34,221,0),
(34,255,41.01),
(34,262,0),
(34,263,0),
(34,268,1562),
(34,269,0.5),
(34,291,0),
(34,301,746),
(34,303,0.72),
(34,304,27),
(34,305,444),
(34,306,81),
(34,307,600),
(34,309,3),
(34,312,0.032),
(34,315,0.011),
(34,317,14.5),
(34,319,192),
(34,321,78),
(34,323,0.26),
(34,324,22),
(34,339,0.6),
(34,401,0),
(34,404,0.015),
(34,405,0.39),
(34,406,0.093),
(34,409,5.343),
(34,410,0.21),
(34,415,0.079),
(34,416,2.3),
(34,417,18),
(34,418,0.83),
(34,430,2.5),
(34,431,0),
(34,501,0.315),
(34,502,0.871),
(34,503,1.519),
(34,504,2.344),
(34,505,2.037),
(34,506,0.641),
(34,507,0.123),
(34,508,1.289),
(34,509,1.182),
(34,510,1.635),
(34,511,0.925),
(34,512,0.859),
(34,513,0.691),
(34,514,1.573),
(34,515,5.99),
(34,516,0.422),
(34,517,2.759),
(34,518,1.431),
(34,601,89),
(34,606,19.066),
(34,607,0.982),
(34,608,0.244),
(34,609,0.306),
(34,610,0.563),
(34,611,0.398),
(34,612,3.613),
(34,613,7.763),
(34,614,3.423),
(34,617,7.368),
(34,618,0.637),
(34,619,0.261),
(34,620,0),
(34,621,0),
(34,626,0.923),
(34,627,0),
(34,628,0),
(34,629,0),
(34,630,0),
(34,631,0),
(34,645,8.751),
(34,646,0.899),
(34,806,18),
(34,814,198),
(34,815,18),
(34,825,0.5),
(34,827,0),
(34,831,0.26),
(34,832,0),
(34,834,0),
(34,835,0),
(34,836,0),
(34,837,0),
(34,840,0),
(34,852,0),
(34,854,0),
(34,855,0),
(34,861,0),
(34,862,15.4),
(34,868,0.26),
(34,869,0.5),
(35,203,21.6),
(35,204,24.64),
(35,205,2.47),
(35,207,2.91),
(35,208,319),
(35,221,0),
(35,255,48.38),
(35,262,0),
(35,263,0),
(35,268,1332),
(35,269,1.01),
(35,291,0),
(35,301,575),
(35,303,0.2),
(35,304,21),
(35,305,412),
(35,306,75),
(35,307,710),
(35,309,2.46),
(35,312,0.022),
(35,315,0.009),
(35,317,16.1),
(35,319,192),
(35,321,63),
(35,323,0.21),
(35,324,18),
(35,339,0.5),
(35,401,0),
(35,404,0.016),
(35,405,0.27),
(35,406,0.094),
(35,409,5.127),
(35,410,0.071),
(35,415,0.062),
(35,417,8),
(35,418,0.73),
(35,430,2.5),
(35,431,0),
(35,501,0.302),
(35,502,0.823),
(35,503,1.036),
(35,504,2.106),
(35,505,2.194),
(35,506,0.603),
(35,507,0.129),
(35,508,1.127),
(35,509,1.249),
(35,510,1.351),
(35,511,0.928),
(35,512,0.813),
(35,513,0.66),
(35,514,1.564),
(35,515,5.055),
(35,516,0.413),
(35,517,2.224),
(35,518,1.259),
(35,601,89),
(35,606,15.561),
(35,607,0.844),
(35,608,0.177),
(35,609,0.203),
(35,610,0.412),
(35,611,0.255),
(35,612,2.683),
(35,613,7.491),
(35,614,2.88),
(35,617,5.925),
(35,618,0.566),
(35,619,0.212),
(35,620,0),
(35,621,0),
(35,626,0.822),
(35,627,0),
(35,628,0),
(35,629,0),
(35,630,0),
(35,631,0),
(35,645,7.027),
(35,646,0.778),
(35,806,8),
(35,814,197),
(35,815,8),
(35,825,0.445),
(35,827,0),
(35,831,0.21),
(35,832,0),
(35,834,0),
(35,835,0),
(35,836,0),
(35,837,0),
(35,840,0),
(35,852,0),
(35,854,0),
(35,855,0),
(35,861,0),
(35,862,15),
(35,868,0.21),
(35,869,0.445),
(37,203,23.41),
(37,204,30.04),
(37,205,1.12),
(37,207,3.66),
(37,208,368),
(37,221,0),
(37,255,41.77),
(37,262,0),
(37,263,0),
(37,268,1541),
(37,269,1.12),
(37,291,0),
(37,301,717),
(37,303,0.41),
(37,304,27),
(37,305,468),
(37,306,134),
(37,307,628),
(37,309,2.81),
(37,312,0.031),
(37,315,0.008),
(37,317,14.5),
(37,319,297),
(37,321,13),
(37,323,0.26),
(37,324,22),
(37,339,0.6),
(37,401,0),
(37,404,0.013),
(37,405,0.32),
(37,406,0.103),
(37,409,5.553),
(37,410,0.19),
(37,415,0.056),
(37,417,12),
(37,418,1.47),
(37,430,2.5),
(37,431,0),
(37,501,0.327),
(37,502,0.888),
(37,503,1.145),
(37,504,2.26),
(37,505,2.139),
(37,506,0.569),
(37,507,0.132),
(37,508,1.24),
(37,509,1.123),
(37,510,1.482),
(37,511,0.881),
(37,512,0.829),
(37,513,0.675),
(37,514,1.6),
(37,515,5.555),
(37,516,0.44),
(37,517,2.594),
(37,518,1.299),
(37,601,96),
(37,606,19.113),
(37,607,1.042),
(37,608,0.243),
(37,609,0.275),
(37,610,0.586),
(37,611,0.367),
(37,612,3.072),
(37,613,9.218),
(37,614,3.569),
(37,617,7.338),
(37,618,0.431),
(37,619,0.23),
(37,620,0),
(37,621,0),
(37,626,0.973),
(37,627,0),
(37,628,0),
(37,629,0),
(37,630,0),
(37,631,0),
(37,645,8.711),
(37,646,0.661),
(37,806,12),
(37,814,298),
(37,815,12),
(37,825,0.342),
(37,827,0),
(37,831,0.23),
(37,832,0),
(37,834,0),
(37,835,0),
(37,836,0),
(37,837,0),
(37,840,0),
(37,852,0),
(37,854,0),
(37,855,0),
(37,861,0),
(37,862,15.4),
(37,868,0.23),
(37,869,0.342),
(38,203,9.15),
(38,204,22.78),
(38,205,3.59),
(38,207,1.37),
(38,208,253),
(38,210,0),
(38,211,0),
(38,212,0),
(38,213,3.19),
(38,214,0),
(38,221,0),
(38,255,63.11),
(38,262,0),
(38,263,0),
(38,268,1059),
(38,269,3.19),
(38,287,0),
(38,291,0),
(38,301,117),
(38,303,0.13),
(38,304,10),
(38,305,138),
(38,306,152),
(38,307,334),
(38,309,0.82),
(38,312,0.027),
(38,315,0.011),
(38,317,3),
(38,319,239),
(38,321,27),
(38,323,0.4),
(38,324,12),
(38,339,0.3),
(38,401,0),
(38,404,0.022),
(38,405,0.155),
(38,406,0.21),
(38,409,1.977),
(38,410,0.575),
(38,415,0.041),
(38,417,14),
(38,418,0.3),
(38,430,1.7),
(38,431,0),
(38,501,0.106),
(38,502,0.359),
(38,503,0.501),
(38,504,1.013),
(38,505,0.875),
(38,506,0.294),
(38,507,0.064),
(38,508,0.448),
(38,509,0.468),
(38,510,0.609),
(38,511,0.363),
(38,512,0.27),
(38,513,0.283),
(38,514,0.794),
(38,515,2.013),
(38,516,0.218),
(38,517,1.027),
(38,518,0.577),
(38,601,74),
(38,606,12.79),
(38,607,0.609),
(38,608,0.21),
(38,609,0.242),
(38,610,0.548),
(38,611,0.607),
(38,612,2.025),
(38,613,5.633),
(38,614,2.555),
(38,615,0.03),
(38,617,5.326),
(38,618,0.696),
(38,619,0.117),
(38,620,0.039),
(38,621,0),
(38,624,0),
(38,625,0.16),
(38,626,0.297),
(38,628,0),
(38,629,0),
(38,631,0),
(38,645,5.784),
(38,646,0.97),
(38,652,0.2),
(38,653,0.11),
(38,806,14),
(38,810,0.5),
(38,811,0),
(38,812,0.03),
(38,813,0),
(38,814,241),
(38,815,14),
(38,823,0),
(38,825,0.548),
(38,826,0),
(38,827,0),
(38,828,0),
(38,831,0.117),
(38,832,0),
(38,833,0),
(38,834,0),
(38,835,0),
(38,836,0),
(38,854,0),
(38,855,0.03),
(38,861,0),
(38,868,0.11),
(38,869,0.578),
(39,203,28.42),
(39,204,27.84),
(39,205,13.91),
(39,207,7.18),
(39,208,420),
(39,210,0),
(39,211,0),
(39,212,0),
(39,213,0),
(39,214,0),
(39,221,0),
(39,255,22.65),
(39,262,0),
(39,263,0),
(39,268,1757),
(39,269,0.07),
(39,287,0.07),
(39,291,0),
(39,301,853),
(39,303,0.49),
(39,304,34),
(39,305,627),
(39,306,180),
(39,307,1804),
(39,309,4.2),
(39,312,0.04),
(39,315,0.071),
(39,317,34.4),
(39,319,255),
(39,321,73),
(39,323,0.53),
(39,324,21),
(39,339,0.5),
(39,401,0),
(39,404,0.026),
(39,405,0.358),
(39,406,0.08),
(39,409,6.463),
(39,410,0.45),
(39,415,0.081),
(39,417,6),
(39,418,1.4),
(39,430,1.7),
(39,431,0),
(39,501,0.383),
(39,502,1.075),
(39,503,1.455),
(39,504,2.747),
(39,505,2.201),
(39,506,0.751),
(39,507,0.09),
(39,508,1.538),
(39,509,1.72),
(39,510,1.865),
(39,511,1.157),
(39,512,0.806),
(39,513,0.859),
(39,514,1.975),
(39,515,6.425),
(39,516,0.56),
(39,517,3.415),
(39,518,1.694),
(39,601,86),
(39,605,0.876),
(39,606,15.371),
(39,607,0.493),
(39,608,0.422),
(39,609,0.265),
(39,610,0.632),
(39,611,0.726),
(39,612,2.333),
(39,613,7.481),
(39,614,2.565),
(39,615,0.046),
(39,617,6.441),
(39,618,1.175),
(39,619,0.106),
(39,620,0.04),
(39,621,0),
(39,624,0.012),
(39,625,0.229),
(39,626,0.365),
(39,627,0),
(39,628,0.049),
(39,629,0),
(39,630,0.001),
(39,631,0.015),
(39,645,7.13),
(39,646,1.386),
(39,652,0.24),
(39,653,0.148),
(39,654,0.009),
(39,806,6),
(39,811,0),
(39,812,0.01),
(39,813,0),
(39,814,262),
(39,815,6),
(39,817,0.078),
(39,818,0.626),
(39,819,0.169),
(39,820,0),
(39,821,0.287),
(39,823,0.006),
(39,824,5.815),
(39,825,0.87),
(39,826,0.045),
(39,827,0.027),
(39,829,0.704),
(39,831,0.102),
(39,832,0),
(39,833,0),
(39,834,0),
(39,835,0),
(39,836,0),
(39,837,0),
(39,838,0.136),
(39,840,0),
(39,841,0.003),
(39,845,0.007),
(39,852,0),
(39,854,0.026),
(39,855,0),
(39,859,0.172),
(39,861,0),
(39,862,14.1),
(39,863,0.2),
(39,868,0.19),
(39,869,0.787),
(40,203,35.75),
(40,204,25.83),
(40,205,3.22),
(40,207,6.04),
(40,208,392),
(40,221,0),
(40,255,29.16),
(40,262,0),
(40,263,0),
(40,268,1641),
(40,269,0.8),
(40,291,0),
(40,301,1184),
(40,303,0.82),
(40,304,44),
(40,305,694),
(40,306,92),
(40,307,1376),
(40,309,2.75),
(40,312,0.032),
(40,315,0.02),
(40,317,22.5),
(40,319,201),
(40,321,66),
(40,323,0.22),
(40,324,19),
(40,339,0.5),
(40,401,0),
(40,404,0.039),
(40,405,0.332),
(40,406,0.271),
(40,409,8.304),
(40,410,0.453),
(40,415,0.091),
(40,416,2.7),
(40,417,7),
(40,418,1.2),
(40,430,1.7),
(40,431,0),
(40,501,0.482),
(40,502,1.317),
(40,503,1.894),
(40,504,3.452),
(40,505,3.306),
(40,506,0.958),
(40,507,0.235),
(40,508,1.922),
(40,509,1.995),
(40,510,2.454),
(40,511,1.317),
(40,512,1.384),
(40,513,1.048),
(40,514,2.236),
(40,515,8.209),
(40,516,0.622),
(40,517,4.18),
(40,518,2.068),
(40,601,68),
(40,606,16.41),
(40,607,1.299),
(40,608,0.487),
(40,609,0.26),
(40,610,0.648),
(40,611,0.873),
(40,612,2.911),
(40,613,6.966),
(40,614,2.301),
(40,617,6.656),
(40,618,0.272),
(40,619,0.297),
(40,620,0),
(40,621,0),
(40,626,0.394),
(40,627,0),
(40,628,0),
(40,629,0),
(40,630,0),
(40,631,0),
(40,645,7.515),
(40,646,0.569),
(40,806,7),
(40,814,207),
(40,815,7),
(40,825,0.214),
(40,827,0),
(40,831,0.29),
(40,832,0),
(40,834,0),
(40,835,0),
(40,836,0),
(40,837,0),
(40,840,0),
(40,852,0),
(40,854,0),
(40,855,0),
(40,861,0),
(40,862,15.4),
(40,868,0.29),
(40,869,0.214),
(41,203,23.78),
(41,204,28.2),
(41,205,0.57),
(41,207,2),
(41,208,352),
(41,221,0),
(41,255,45.45),
(41,262,0),
(41,263,0),
(41,268,1471),
(41,269,0.57),
(41,291,0),
(41,301,650),
(41,303,0.43),
(41,304,24),
(41,305,360),
(41,306,136),
(41,307,534),
(41,309,2.6),
(41,312,0.022),
(41,315,0.011),
(41,317,14.5),
(41,319,313),
(41,321,29),
(41,323,0.24),
(41,324,21),
(41,339,0.5),
(41,401,0),
(41,404,0.014),
(41,405,0.24),
(41,406,0.06),
(41,409,5.777),
(41,410,0.21),
(41,415,0.053),
(41,417,18),
(41,418,1.5),
(41,430,2.4),
(41,431,0),
(41,501,0.343),
(41,502,0.876),
(41,503,1.446),
(41,504,2.482),
(41,505,1.987),
(41,506,0.734),
(41,507,0.134),
(41,508,1.323),
(41,509,1.42),
(41,510,1.707),
(41,511,0.827),
(41,512,0.686),
(41,513,0.79),
(41,514,1.752),
(41,515,5.349),
(41,516,0.485),
(41,517,2.892),
(41,518,1.357),
(41,601,123),
(41,606,16.691),
(41,607,1.027),
(41,608,0.556),
(41,609,0.336),
(41,610,0.681),
(41,611,0.768),
(41,612,2.724),
(41,613,6.638),
(41,614,3.35),
(41,617,8.051),
(41,618,0.378),
(41,619,0.351),
(41,620,0),
(41,621,0),
(41,626,0.833),
(41,627,0),
(41,628,0),
(41,629,0),
(41,630,0),
(41,631,0),
(41,645,9.338),
(41,646,0.729),
(41,806,18),
(41,814,315),
(41,815,18),
(41,825,0.294),
(41,827,0),
(41,831,0.35),
(41,832,0),
(41,834,0),
(41,835,0),
(41,836,0),
(41,837,0),
(41,840,0),
(41,852,0),
(41,854,0),
(41,855,0),
(41,861,0),
(41,862,15.4),
(41,868,0.35),
(41,869,0.294),
(42,203,25.58),
(42,204,26.62),
(42,205,2.14),
(42,207,4.71),
(42,208,352),
(42,221,0),
(42,255,40.95),
(42,262,0),
(42,263,0),
(42,268,1471),
(42,269,0.56),
(42,291,0),
(42,301,756),
(42,303,0.52),
(42,304,28),
(42,305,496),
(42,306,138),
(42,307,876),
(42,309,3.23),
(42,312,0.026),
(42,315,0.01),
(42,317,14.5),
(42,319,230),
(42,321,68),
(42,323,0.23),
(42,324,20),
(42,339,0.5),
(42,401,0),
(42,404,0.019),
(42,405,0.321),
(42,406,0.156),
(42,409,5.906),
(42,410,0.476),
(42,415,0.073),
(42,417,10),
(42,418,1.46),
(42,430,2.2),
(42,431,0),
(42,501,0.345),
(42,502,0.982),
(42,503,1.091),
(42,504,2.297),
(42,505,2.646),
(42,506,0.686),
(42,507,0.116),
(42,508,1.287),
(42,509,1.52),
(42,510,1.64),
(42,511,1.022),
(42,512,1.115),
(42,513,0.706),
(42,514,1.744),
(42,515,6.235),
(42,516,0.433),
(42,517,2.766),
(42,518,1.471),
(42,601,69),
(42,606,17.078),
(42,607,0.981),
(42,608,0.37),
(42,609,0.256),
(42,610,0.482),
(42,611,0.355),
(42,612,2.748),
(42,613,8.159),
(42,614,3.063),
(42,617,6.164),
(42,618,0.494),
(42,619,0.275),
(42,620,0),
(42,621,0),
(42,626,0.878),
(42,627,0),
(42,628,0),
(42,629,0),
(42,630,0),
(42,631,0),
(42,645,7.393),
(42,646,0.769),
(42,806,10),
(42,814,236),
(42,815,10),
(42,825,0.389),
(42,827,0),
(42,831,0.27),
(42,832,0),
(42,834,0),
(42,835,0),
(42,836,0),
(42,837,0),
(42,840,0),
(42,852,0),
(42,854,0),
(42,855,0),
(42,861,0),
(42,862,15.4),
(42,868,0.27),
(42,869,0.389),
(43,203,11.26),
(43,204,12.98),
(43,205,3.04),
(43,207,1.02),
(43,208,174),
(43,221,0),
(43,255,71.7),
(43,262,0),
(43,263,0),
(43,268,728),
(43,269,0.27),
(43,291,0),
(43,301,207),
(43,303,0.38),
(43,304,11),
(43,305,158),
(43,306,105),
(43,307,84),
(43,309,1.16),
(43,312,0.021),
(43,315,0.006),
(43,317,14.5),
(43,319,117),
(43,321,33),
(43,323,0.11),
(43,324,10),
(43,339,0.2),
(43,401,0),
(43,404,0.013),
(43,405,0.195),
(43,406,0.104),
(43,409,2.187),
(43,410,0.213),
(43,415,0.043),
(43,417,12),
(43,418,0.34),
(43,430,1.1),
(43,431,0),
(43,501,0.125),
(43,502,0.517),
(43,503,0.589),
(43,504,1.221),
(43,505,1.338),
(43,506,0.281),
(43,507,0.099),
(43,508,0.556),
(43,509,0.589),
(43,510,0.692),
(43,511,0.632),
(43,512,0.459),
(43,513,0.499),
(43,514,0.995),
(43,515,2.446),
(43,516,0.295),
(43,517,1.066),
(43,518,0.575),
(43,601,51),
(43,606,8.295),
(43,607,0.574),
(43,608,0.093),
(43,609,0.119),
(43,610,0.229),
(43,611,0.158),
(43,612,1.364),
(43,613,4.057),
(43,614,1.281),
(43,617,2.872),
(43,618,0.273),
(43,619,0.112),
(43,620,0),
(43,621,0),
(43,626,0.532),
(43,627,0),
(43,628,0),
(43,629,0),
(43,630,0),
(43,631,0),
(43,645,3.627),
(43,646,0.385),
(43,806,12),
(43,814,120),
(43,815,12),
(43,825,0.214),
(43,827,0),
(43,831,0.11),
(43,832,0),
(43,834,0),
(43,835,0),
(43,836,0),
(43,837,0),
(43,840,0),
(43,852,0),
(43,854,0),
(43,855,0),
(43,861,0),
(43,862,17.5),
(43,868,0.11),
(43,869,0.214),
(44,203,11.39),
(44,204,7.91),
(44,205,5.14),
(44,207,1.15),
(44,208,138),
(44,221,0),
(44,255,74.41),
(44,262,0),
(44,263,0),
(44,268,578),
(44,269,0.31),
(44,291,0),
(44,301,272),
(44,303,0.44),
(44,304,15),
(44,305,183),
(44,306,125),
(44,307,99),
(44,309,1.34),
(44,312,0.034),
(44,315,0.01),
(44,317,16.7),
(44,319,105),
(44,321,20),
(44,323,0.07),
(44,324,6),
(44,339,0.2),
(44,401,0),
(44,404,0.021),
(44,405,0.185),
(44,406,0.078),
(44,409,2.195),
(44,410,0.242),
(44,415,0.02),
(44,417,13),
(44,418,0.29),
(44,430,0.7),
(44,431,0),
(44,501,0.127),
(44,502,0.523),
(44,503,0.596),
(44,504,1.235),
(44,505,1.353),
(44,506,0.284),
(44,507,0.1),
(44,508,0.562),
(44,509,0.596),
(44,510,0.7),
(44,511,0.639),
(44,512,0.464),
(44,513,0.505),
(44,514,1.007),
(44,515,2.474),
(44,516,0.298),
(44,517,1.078),
(44,518,0.582),
(44,601,31),
(44,606,4.927),
(44,607,0.254),
(44,608,0.065),
(44,609,0.073),
(44,610,0.151),
(44,611,0.105),
(44,612,0.808),
(44,613,2.442),
(44,614,0.866),
(44,617,1.92),
(44,618,0.19),
(44,619,0.07),
(44,620,0),
(44,621,0),
(44,626,0.277),
(44,627,0),
(44,628,0),
(44,629,0),
(44,630,0),
(44,631,0),
(44,645,2.314),
(44,646,0.26),
(44,806,13),
(44,814,107),
(44,815,13),
(44,825,0.151),
(44,827,0),
(44,831,0.07),
(44,832,0),
(44,834,0),
(44,835,0),
(44,836,0),
(44,837,0),
(44,840,0),
(44,852,0),
(44,854,0),
(44,855,0),
(44,861,0),
(44,862,16.3),
(44,868,0.07),
(44,869,0.151),
(45,203,31.8),
(45,204,26.94),
(45,205,3.63),
(45,207,6.72),
(45,208,387),
(45,221,0),
(45,255,30.91),
(45,262,0),
(45,263,0),
(45,268,1618),
(45,269,0.73),
(45,291,0),
(45,301,1064),
(45,303,0.77),
(45,304,41),
(45,305,760),
(45,306,86),
(45,307,1433),
(45,309,2.58),
(45,312,0.03),
(45,315,0.02),
(45,317,14.5),
(45,319,90),
(45,321,69),
(45,323,0.23),
(45,324,20),
(45,339,0.5),
(45,401,0),
(45,404,0.037),
(45,405,0.37),
(45,406,0.077),
(45,409,7.227),
(45,410,0.424),
(45,415,0.085),
(45,416,1.2),
(45,417,7),
(45,418,1.12),
(45,430,2.2),
(45,431,0),
(45,501,0.429),
(45,502,1.171),
(45,503,1.685),
(45,504,3.071),
(45,505,2.941),
(45,506,0.852),
(45,507,0.209),
(45,508,1.71),
(45,509,1.775),
(45,510,2.183),
(45,511,1.171),
(45,512,1.231),
(45,513,0.932),
(45,514,1.989),
(45,515,7.302),
(45,516,0.553),
(45,517,3.718),
(45,518,1.84),
(45,601,104),
(45,606,17.115),
(45,607,1.355),
(45,608,0.508),
(45,609,0.271),
(45,610,0.671),
(45,611,0.911),
(45,612,3.036),
(45,613,7.265),
(45,614,2.4),
(45,617,6.942),
(45,618,0.284),
(45,619,0.31),
(45,620,0),
(45,621,0),
(45,626,0.411),
(45,627,0),
(45,628,0),
(45,629,0),
(45,630,0),
(45,631,0),
(45,645,7.838),
(45,646,0.593),
(45,806,7),
(45,814,96),
(45,815,7),
(45,825,0.222),
(45,827,0),
(45,831,0.31),
(45,832,0),
(45,834,0),
(45,835,0),
(45,836,0),
(45,837,0),
(45,840,0),
(45,852,0),
(45,854,0),
(45,855,0),
(45,861,0),
(45,862,15.4),
(45,868,0.31),
(45,869,0.222),
(46,203,21.54),
(46,204,30.64),
(46,205,2),
(46,207,6.44),
(46,208,369),
(46,255,39.38),
(46,262,0),
(46,263,0),
(46,268,1544),
(46,291,0),
(46,301,662),
(46,303,0.56),
(46,304,30),
(46,305,392),
(46,306,91),
(46,307,1809),
(46,309,2.08),
(46,312,0.034),
(46,315,0.03),
(46,317,14.5),
(46,319,290),
(46,321,48),
(46,323,0.25),
(46,324,12),
(46,339,0.3),
(46,401,0),
(46,404,0.04),
(46,405,0.586),
(46,406,0.734),
(46,409,5.784),
(46,410,1.731),
(46,415,0.124),
(46,417,49),
(46,418,0.64),
(46,431,0),
(46,501,0.303),
(46,502,0.965),
(46,503,1.217),
(46,504,2.114),
(46,505,1.848),
(46,506,0.558),
(46,507,0.126),
(46,508,1.023),
(46,509,1.012),
(46,510,1.614),
(46,511,0.713),
(46,512,0.602),
(46,513,0.969),
(46,514,1.181),
(46,515,3.67),
(46,516,0.148),
(46,517,2.089),
(46,518,1.772),
(46,601,90),
(46,606,19.263),
(46,607,0.877),
(46,608,0.66),
(46,609,0.674),
(46,610,2.163),
(46,611,1.295),
(46,612,3.25),
(46,613,6.57),
(46,614,3.141),
(46,617,7.456),
(46,618,0.616),
(46,619,0.704),
(46,620,0),
(46,621,0),
(46,626,0.73),
(46,629,0),
(46,631,0),
(46,645,8.474),
(46,646,1.32),
(46,806,49),
(46,814,294),
(46,815,49),
(46,825,0.484),
(46,827,0),
(46,831,0.7),
(46,832,0),
(46,854,0),
(46,855,0),
(46,861,0),
(46,868,0.7),
(46,869,0.484),
(47,203,26.93),
(47,204,27.8),
(47,205,5.38),
(47,207,2.77),
(47,208,380),
(47,210,0.14),
(47,211,0.48),
(47,212,0),
(47,213,0.06),
(47,214,0.62),
(47,221,0),
(47,255,37.12),
(47,262,0),
(47,263,0),
(47,268,1591),
(47,269,1.32),
(47,291,0),
(47,301,791),
(47,303,0.2),
(47,304,38),
(47,305,567),
(47,306,77),
(47,307,70),
(47,309,4.36),
(47,312,0.043),
(47,315,0.005),
(47,317,18.2),
(47,319,214),
(47,321,70),
(47,323,0.38),
(47,324,20),
(47,339,0.5),
(47,401,0),
(47,404,0.063),
(47,405,0.296),
(47,406,0.092),
(47,409,6.775),
(47,410,0.429),
(47,415,0.083),
(47,416,1),
(47,417,6),
(47,418,3.34),
(47,430,2.5),
(47,431,0),
(47,501,0.401),
(47,502,1.038),
(47,503,1.537),
(47,504,2.959),
(47,505,2.585),
(47,506,0.784),
(47,507,0.29),
(47,508,1.662),
(47,509,1.693),
(47,510,2.139),
(47,511,0.927),
(47,512,1.065),
(47,513,0.914),
(47,514,1.569),
(47,515,5.704),
(47,516,0.508),
(47,517,3.69),
(47,518,1.64),
(47,601,92),
(47,606,17.779),
(47,607,1.102),
(47,608,0.488),
(47,609,0.289),
(47,610,0.625),
(47,611,0.521),
(47,612,3.062),
(47,613,7.79),
(47,614,3.248),
(47,617,6.017),
(47,618,0.62),
(47,619,0.352),
(47,620,0),
(47,621,0),
(47,626,0.879),
(47,627,0),
(47,628,0),
(47,629,0),
(47,630,0),
(47,631,0),
(47,645,7.274),
(47,646,0.972),
(47,806,6),
(47,811,0),
(47,812,0.03),
(47,813,0),
(47,814,220),
(47,815,6),
(47,825,0.492),
(47,827,0),
(47,831,0.35),
(47,832,0),
(47,834,0),
(47,835,0),
(47,836,0),
(47,837,0),
(47,840,0),
(47,852,0),
(47,854,0),
(47,855,0),
(47,861,0),
(47,862,15.5),
(47,863,0.6),
(47,868,0.35),
(47,869,0.492),
(48,203,24.41),
(48,204,25.98),
(48,205,1.88),
(48,207,4.87),
(48,208,340),
(48,221,0),
(48,255,42.86),
(48,262,0),
(48,263,0),
(48,268,1422),
(48,291,0),
(48,301,700),
(48,303,0.23),
(48,304,13),
(48,305,500),
(48,306,65),
(48,307,753),
(48,309,3.5),
(48,312,0.026),
(48,315,0.013),
(48,317,14.5),
(48,319,236),
(48,321,156),
(48,323,0.24),
(48,324,12),
(48,339,0.3),
(48,401,0),
(48,404,0.061),
(48,405,0.359),
(48,406,0.205),
(48,409,6.072),
(48,410,0.346),
(48,415,0.065),
(48,416,1),
(48,417,20),
(48,418,2.1),
(48,431,0),
(48,501,0.352),
(48,502,0.899),
(48,503,1.484),
(48,504,2.548),
(48,505,2.039),
(48,506,0.754),
(48,507,0.138),
(48,508,1.358),
(48,509,1.458),
(48,510,1.752),
(48,511,0.849),
(48,512,0.704),
(48,513,0.811),
(48,514,1.798),
(48,515,5.49),
(48,516,0.497),
(48,517,2.969),
(48,518,1.393),
(48,601,102),
(48,606,16.775),
(48,607,0.878),
(48,608,0.536),
(48,609,0.381),
(48,610,0.748),
(48,611,1.073),
(48,612,2.608),
(48,613,7.675),
(48,614,2.19),
(48,617,6.073),
(48,618,0.398),
(48,619,0.323),
(48,620,0),
(48,621,0),
(48,626,0.668),
(48,627,0),
(48,628,0),
(48,629,0),
(48,630,0),
(48,631,0),
(48,645,7.136),
(48,646,0.721),
(48,806,20),
(48,814,249),
(48,815,20),
(48,825,0.31),
(48,827,0),
(48,831,0.32),
(48,832,0),
(48,840,0),
(48,852,0),
(48,854,0),
(48,855,0),
(48,861,0),
(48,868,0.32),
(48,869,0.31),
(51,203,19.66),
(51,204,24.46),
(51,205,8.32),
(51,207,4.44),
(51,208,331),
(51,221,0),
(51,255,43.12),
(51,262,0),
(51,263,0),
(51,268,1386),
(51,269,0.51),
(51,291,0),
(51,301,497),
(51,303,0.84),
(51,304,30),
(51,305,400),
(51,306,363),
(51,307,966),
(51,309,3.01),
(51,312,0.03),
(51,315,0.01),
(51,317,16.2),
(51,321,132),
(51,323,0.27),
(51,324,8),
(51,339,0.2),
(51,401,0),
(51,404,0.03),
(51,405,0.446),
(51,406,0.074),
(51,409,4.857),
(51,410,0.977),
(51,415,0.141),
(51,417,5),
(51,418,1.28),
(51,431,0),
(51,501,0.287),
(51,502,0.638),
(51,503,0.909),
(51,504,1.738),
(51,505,1.951),
(51,506,0.509),
(51,507,0.126),
(51,508,0.999),
(51,509,1.076),
(51,510,1.177),
(51,511,0.823),
(51,512,0.801),
(51,513,0.493),
(51,514,1.208),
(51,515,4.08),
(51,516,0.324),
(51,517,2),
(51,518,0.949),
(51,601,64),
(51,606,15.355),
(51,607,0.793),
(51,608,0.47),
(51,609,0.358),
(51,610,0.591),
(51,611,0.728),
(51,612,2.513),
(51,613,6.807),
(51,614,2.805),
(51,617,6.015),
(51,618,0.461),
(51,619,0.257),
(51,620,0),
(51,621,0),
(51,626,0.646),
(51,629,0),
(51,631,0),
(51,645,7.165),
(51,646,0.719),
(51,806,5),
(51,815,5),
(51,825,0.365),
(51,827,0),
(51,831,0.25),
(51,832,0),
(51,854,0),
(51,855,0),
(51,861,0),
(51,868,0.25),
(51,869,0.365),
(52,203,21.92),
(52,204,24.14),
(52,205,4.5),
(52,207,5.77),
(52,208,323),
(52,221,0),
(52,255,43.67),
(52,262,0),
(52,263,0),
(52,268,1352),
(52,269,1.23),
(52,291,0),
(52,301,723),
(52,303,0.6),
(52,304,28),
(52,305,526),
(52,306,284),
(52,307,1552),
(52,309,3.55),
(52,312,0.03),
(52,315,0.01),
(52,317,16.1),
(52,319,233),
(52,321,48),
(52,323,0.34),
(52,324,3),
(52,339,0.1),
(52,401,0),
(52,404,0.014),
(52,405,0.4),
(52,406,0.104),
(52,409,5.421),
(52,410,0.5),
(52,415,0.035),
(52,417,6),
(52,418,2.3),
(52,431,0),
(52,501,0.319),
(52,502,0.711),
(52,503,1.013),
(52,504,1.938),
(52,505,2.175),
(52,506,0.567),
(52,507,0.141),
(52,508,1.113),
(52,509,1.199),
(52,510,1.313),
(52,511,0.917),
(52,512,0.893),
(52,513,0.55),
(52,514,1.346),
(52,515,4.549),
(52,516,0.361),
(52,517,2.23),
(52,518,1.058),
(52,601,82),
(52,606,15.487),
(52,607,0.787),
(52,608,0.472),
(52,609,0.265),
(52,610,0.552),
(52,611,0.546),
(52,612,2.695),
(52,613,6.938),
(52,614,2.511),
(52,617,5.691),
(52,618,0.33),
(52,619,0.27),
(52,620,0),
(52,621,0),
(52,626,0.653),
(52,627,0),
(52,628,0),
(52,629,0),
(52,630,0),
(52,631,0),
(52,645,6.801),
(52,646,0.6),
(52,806,6),
(52,814,237),
(52,815,6),
(52,825,0.262),
(52,827,0),
(52,831,0.27),
(52,832,0),
(52,840,0),
(52,852,0),
(52,854,0),
(52,855,0),
(52,861,0),
(52,868,0.27),
(52,869,0.262),
(54,203,3.2),
(54,204,22.22),
(54,205,12.49),
(54,207,0.76),
(54,208,258),
(54,221,0),
(54,255,61.33),
(54,262,0),
(54,263,0),
(54,268,1077),
(54,269,8),
(54,291,0),
(54,301,101),
(54,303,0.05),
(54,304,11),
(54,305,89),
(54,306,147),
(54,307,8),
(54,309,0.37),
(54,312,0.01),
(54,315,0.001),
(54,317,1.4),
(54,319,184),
(54,321,43),
(54,323,0.64),
(54,324,16),
(54,339,0.4),
(54,401,0),
(54,404,0.037),
(54,405,0.065),
(54,406,0.07),
(54,409,0.82),
(54,410,0.305),
(54,415,0.041),
(54,417,3),
(54,418,0.29),
(54,430,1.9),
(54,431,0),
(54,501,0.045),
(54,502,0.144),
(54,503,0.194),
(54,504,0.313),
(54,505,0.254),
(54,506,0.08),
(54,507,0.03),
(54,508,0.154),
(54,509,0.154),
(54,510,0.214),
(54,511,0.116),
(54,512,0.087),
(54,513,0.11),
(54,514,0.243),
(54,515,0.67),
(54,516,0.068),
(54,517,0.31),
(54,518,0.174),
(54,601,76),
(54,606,13.831),
(54,607,0.721),
(54,608,0.427),
(54,609,0.248),
(54,610,0.557),
(54,611,0.624),
(54,612,2.235),
(54,613,5.844),
(54,614,2.693),
(54,617,5.59),
(54,618,0.502),
(54,619,0.323),
(54,620,0),
(54,621,0),
(54,626,0.498),
(54,627,0),
(54,628,0),
(54,629,0),
(54,630,0),
(54,631,0),
(54,645,6.418),
(54,646,0.825),
(54,806,3),
(54,814,188),
(54,815,3),
(54,825,0.397),
(54,827,0),
(54,831,0.32),
(54,832,0),
(54,834,0),
(54,835,0),
(54,836,0),
(54,837,0),
(54,840,0),
(54,852,0),
(54,854,0),
(54,855,0),
(54,861,0),
(54,862,16.8),
(54,868,0.32),
(54,869,0.397),
(55,203,4.55),
(55,204,4.19),
(55,205,8.05),
(55,207,0.67),
(55,208,88),
(55,210,0.04),
(55,211,0.07),
(55,212,0.04),
(55,213,7.84),
(55,214,0.04),
(55,221,0),
(55,255,82.54),
(55,262,0),
(55,263,0),
(55,268,367),
(55,269,8.05),
(55,287,0.04),
(55,291,0),
(55,301,130),
(55,303,0.2),
(55,304,19),
(55,305,109),
(55,306,165),
(55,307,54),
(55,309,0.46),
(55,312,0.013),
(55,315,0.005),
(55,317,4.2),
(55,319,58),
(55,321,7),
(55,323,0.21),
(55,324,49),
(55,339,1.2),
(55,401,1.5),
(55,404,0.034),
(55,405,0.19),
(55,406,0.105),
(55,409,1.522),
(55,410,0.417),
(55,415,0.05),
(55,417,1),
(55,418,0.45),
(55,430,0.3),
(55,431,0),
(55,501,0.085),
(55,502,0.201),
(55,503,0.237),
(55,504,0.383),
(55,505,0.257),
(55,506,0.12),
(55,507,0.057),
(55,508,0.225),
(55,509,0.199),
(55,510,0.289),
(55,511,0.191),
(55,512,0.108),
(55,513,0.199),
(55,514,0.4),
(55,515,0.775),
(55,516,0.128),
(55,517,0.349),
(55,518,0.241),
(55,601,59),
(55,606,2.591),
(55,607,0.129),
(55,608,0.076),
(55,609,0.044),
(55,610,0.1),
(55,611,0.112),
(55,612,0.401),
(55,613,1.131),
(55,614,0.511),
(55,617,1.142),
(55,618,0.132),
(55,619,0.059),
(55,620,0.003),
(55,621,0),
(55,626,0.101),
(55,627,0),
(55,628,0),
(55,629,0),
(55,630,0),
(55,631,0),
(55,645,1.302),
(55,646,0.198),
(55,806,1),
(55,811,0),
(55,812,0.08),
(55,813,0),
(55,814,59),
(55,815,1),
(55,827,0),
(55,831,0.1),
(55,832,0),
(55,834,0),
(55,835,0),
(55,836,0),
(55,837,54),
(55,840,0),
(55,852,0),
(55,854,0),
(55,855,0.003),
(55,861,0),
(55,862,52.2),
(56,203,1),
(56,204,9.97),
(56,205,11.38),
(56,207,0.38),
(56,208,136),
(56,221,0),
(56,255,77.27),
(56,262,0),
(56,263,0),
(56,268,568),
(56,269,11.38),
(56,291,0),
(56,301,9),
(56,303,0.03),
(56,304,0),
(56,305,64),
(56,306,191),
(56,307,67),
(56,309,0.02),
(56,312,0),
(56,315,0),
(56,317,1.1),
(56,319,0),
(56,321,9),
(56,323,0.81),
(56,324,0),
(56,339,0),
(56,401,0),
(56,404,0),
(56,405,0),
(56,406,0),
(56,409,0.25),
(56,410,0),
(56,415,0),
(56,417,0),
(56,418,0),
(56,430,2.5),
(56,431,0),
(56,501,0.015),
(56,502,0.043),
(56,503,0.056),
(56,504,0.085),
(56,505,0.068),
(56,506,0.015),
(56,507,0.018),
(56,508,0.055),
(56,509,0.037),
(56,510,0.056),
(56,511,0.08),
(56,512,0.028),
(56,513,0.047),
(56,514,0.125),
(56,515,0.201),
(56,516,0.047),
(56,517,0.06),
(56,518,0.057),
(56,601,0),
(56,606,1.937),
(56,607,0),
(56,608,0),
(56,609,0.005),
(56,610,0.013),
(56,611,0.062),
(56,612,0.019),
(56,613,0.884),
(56,614,0.976),
(56,617,7.559),
(56,618,0.022),
(56,619,0),
(56,620,0),
(56,621,0),
(56,626,0),
(56,627,0),
(56,628,0),
(56,629,0),
(56,630,0),
(56,631,0),
(56,636,13),
(56,645,7.551),
(56,646,0.027),
(56,806,0),
(56,814,1),
(56,815,0),
(56,827,0),
(56,831,0),
(56,832,0),
(56,834,0),
(56,835,0),
(56,836,0),
(56,837,0),
(56,840,0),
(56,852,0),
(56,854,0),
(56,855,0),
(56,861,0),
(56,862,0),
(57,203,4.9),
(57,204,39.92),
(57,205,52.54),
(57,207,1.17),
(57,208,577),
(57,221,0),
(57,255,1.47),
(57,262,0),
(57,263,0),
(57,268,2415),
(57,269,52.54),
(57,291,0),
(57,301,17),
(57,303,0.03),
(57,304,7),
(57,305,74),
(57,306,166),
(57,307,122),
(57,309,0.08),
(57,312,0.118),
(57,315,0.225),
(57,317,0.6),
(57,319,0),
(57,321,0),
(57,323,1.52),
(57,324,0),
(57,339,0),
(57,401,0),
(57,404,0),
(57,405,0),
(57,406,0),
(57,409,1.133),
(57,410,0),
(57,415,0),
(57,417,0),
(57,418,0),
(57,430,9.9),
(57,431,0),
(57,501,0.068),
(57,502,0.207),
(57,503,0.301),
(57,504,0.484),
(57,505,0.394),
(57,506,0.149),
(57,507,0.021),
(57,508,0.263),
(57,509,0.28),
(57,510,0.351),
(57,511,0.194),
(57,512,0.145),
(57,513,0.153),
(57,514,0.347),
(57,515,1.113),
(57,516,0.098),
(57,517,0.552),
(57,518,0.301),
(57,601,0),
(57,606,36.723),
(57,607,0),
(57,608,0),
(57,609,0.669),
(57,610,0.964),
(57,611,14.507),
(57,612,5.746),
(57,613,5.429),
(57,614,9.408),
(57,617,0.6),
(57,618,0.447),
(57,619,0),
(57,620,0),
(57,621,0),
(57,626,0),
(57,627,0),
(57,628,0),
(57,629,0),
(57,630,0),
(57,631,0),
(57,636,36),
(57,645,0.6),
(57,646,0.447),
(57,806,0),
(57,814,0),
(57,815,0),
(57,827,0),
(57,831,0),
(57,832,0),
(57,834,0),
(57,835,0),
(57,836,0),
(57,837,0),
(57,840,0),
(57,852,0),
(57,854,0),
(57,855,0),
(57,861,0),
(57,862,0.1),
(58,203,3.61),
(58,204,12.72),
(58,205,17.13),
(58,207,0.8),
(58,208,194),
(58,210,13.38),
(58,221,0),
(58,255,65.74),
(58,262,0),
(58,263,0),
(58,268,811),
(58,269,17.13),
(58,291,0),
(58,301,90),
(58,303,0.04),
(58,304,10),
(58,305,86),
(58,306,151),
(58,307,66),
(58,309,0.27),
(58,312,0.012),
(58,315,0.005),
(58,317,4.8),
(58,319,34),
(58,321,5),
(58,323,0.45),
(58,324,38),
(58,339,0.9),
(58,401,0.7),
(58,404,0.027),
(58,405,0.117),
(58,406,0.06),
(58,409,1.26),
(58,410,0.226),
(58,415,0.03),
(58,417,4),
(58,418,0.26),
(58,430,2.7),
(58,431,0),
(58,501,0.072),
(58,502,0.157),
(58,503,0.198),
(58,504,0.318),
(58,505,0.204),
(58,506,0.093),
(58,507,0.018),
(58,508,0.175),
(58,509,0.182),
(58,510,0.23),
(58,511,0.104),
(58,512,0.092),
(58,513,0.114),
(58,514,0.262),
(58,515,0.758),
(58,516,0.08),
(58,517,0.391),
(58,518,0.155),
(58,601,10),
(58,606,10.684),
(58,607,0.077),
(58,608,0.046),
(58,609,0.194),
(58,610,0.302),
(58,611,3.704),
(58,612,1.682),
(58,613,1.993),
(58,614,2.65),
(58,617,0.754),
(58,618,0.166),
(58,619,0.034),
(58,620,0),
(58,621,0),
(58,626,0.053),
(58,627,0),
(58,628,0),
(58,629,0),
(58,630,0),
(58,631,0),
(58,636,0),
(58,638,0),
(58,645,0.843),
(58,646,0.201),
(58,806,4),
(58,811,0),
(58,812,0),
(58,813,0),
(58,814,34),
(58,815,4),
(58,816,0),
(58,827,0),
(58,831,0.034),
(58,832,0),
(58,834,0),
(58,835,0),
(58,836,0),
(58,837,0),
(58,840,0),
(58,852,0),
(58,854,0),
(58,855,0),
(58,861,0),
(58,862,10.6),
(58,863,0.5),
(59,203,0.98),
(59,204,22.3),
(59,205,16.07),
(59,207,0.28),
(59,208,264),
(59,221,0),
(59,255,60.37),
(59,262,0),
(59,263,0),
(59,268,1103),
(59,269,16.07),
(59,291,0),
(59,301,5),
(59,303,0.02),
(59,304,1),
(59,305,18),
(59,306,19),
(59,307,62),
(59,309,0.01),
(59,312,0.024),
(59,315,0.045),
(59,317,1.5),
(59,319,0),
(59,321,47),
(59,323,0.85),
(59,324,0),
(59,339,0),
(59,401,0),
(59,404,0),
(59,405,0),
(59,406,0),
(59,409,0.233),
(59,410,0),
(59,415,0),
(59,417,0),
(59,418,0),
(59,430,5.5),
(59,431,0),
(59,501,0.014),
(59,502,0.041),
(59,503,0.06),
(59,504,0.097),
(59,505,0.079),
(59,506,0.03),
(59,507,0.004),
(59,508,0.053),
(59,509,0.056),
(59,510,0.07),
(59,511,0.039),
(59,512,0.029),
(59,513,0.031),
(59,514,0.069),
(59,515,0.223),
(59,516,0.02),
(59,517,0.11),
(59,518,0.06),
(59,601,0),
(59,606,18.912),
(59,607,0),
(59,608,0),
(59,609,0.449),
(59,610,0.642),
(59,611,8.014),
(59,612,3.246),
(59,613,2.408),
(59,614,4.166),
(59,617,1.929),
(59,618,0.241),
(59,619,0),
(59,620,0),
(59,621,0),
(59,626,0),
(59,627,0),
(59,628,0),
(59,629,0),
(59,630,0),
(59,631,0),
(59,636,20),
(59,645,1.927),
(59,646,0.241),
(59,806,0),
(59,814,4),
(59,815,0),
(59,827,0),
(59,831,0),
(59,832,0),
(59,834,0),
(59,835,0),
(59,836,0),
(59,837,0),
(59,840,0),
(59,852,0),
(59,854,0),
(59,855,0),
(59,861,0),
(59,862,0),
(60,203,1.25),
(60,204,25.31),
(60,205,23.05),
(60,207,0.18),
(60,208,319),
(60,221,0),
(60,255,50.21),
(60,262,0),
(60,263,0),
(60,268,1332),
(60,269,23.05),
(60,291,0),
(60,301,6),
(60,303,0.12),
(60,304,2),
(60,305,8),
(60,306,18),
(60,307,25),
(60,309,0.03),
(60,312,0.03),
(60,315,0.058),
(60,317,2.1),
(60,319,0),
(60,321,86),
(60,323,0.96),
(60,324,0),
(60,339,0),
(60,401,0),
(60,404,0),
(60,405,0),
(60,406,0),
(60,409,0.283),
(60,410,0),
(60,415,0),
(60,417,0),
(60,418,0),
(60,430,6.3),
(60,431,0),
(60,501,0.017),
(60,502,0.053),
(60,503,0.077),
(60,504,0.123),
(60,505,0.101),
(60,506,0.038),
(60,507,0.005),
(60,508,0.067),
(60,509,0.072),
(60,510,0.089),
(60,511,0.049),
(60,512,0.037),
(60,513,0.039),
(60,514,0.088),
(60,515,0.284),
(60,516,0.025),
(60,517,0.141),
(60,518,0.077),
(60,601,0),
(60,606,21.783),
(60,607,0),
(60,608,0),
(60,609,0.638),
(60,610,0.905),
(60,611,8.836),
(60,612,3.756),
(60,613,3.092),
(60,614,4.58),
(60,617,1.375),
(60,618,0.305),
(60,619,0.218),
(60,620,0),
(60,621,0),
(60,626,0.241),
(60,627,0),
(60,628,0),
(60,629,0),
(60,630,0),
(60,631,0),
(60,636,23),
(60,645,1.616),
(60,646,0.523),
(60,806,0),
(60,814,7),
(60,815,0),
(60,827,0),
(60,831,0.218),
(60,832,0),
(60,834,0),
(60,835,0),
(60,836,0),
(60,837,0),
(60,840,0),
(60,852,0),
(60,854,0),
(60,855,0),
(60,861,0),
(60,862,0),
(61,203,3.3),
(61,204,1.98),
(61,205,4.8),
(61,207,0.71),
(61,208,50),
(61,210,0.01),
(61,211,0.01),
(61,212,0.01),
(61,213,5.01),
(61,214,0.01),
(61,221,0),
(61,255,89.21),
(61,262,0),
(61,263,0),
(61,268,210),
(61,269,5.06),
(61,287,0.02),
(61,291,0),
(61,301,120),
(61,303,0.02),
(61,304,11),
(61,305,92),
(61,306,140),
(61,307,47),
(61,309,0.48),
(61,312,0.006),
(61,315,0.014),
(61,317,2.5),
(61,319,63),
(61,321,4),
(61,323,0.03),
(61,324,40),
(61,339,1),
(61,401,0.2),
(61,404,0.039),
(61,405,0.185),
(61,406,0.092),
(61,409,0.792),
(61,410,0.356),
(61,415,0.038),
(61,417,5),
(61,418,0.53),
(61,430,0.2),
(61,431,0),
(61,501,0.042),
(61,502,0.141),
(61,503,0.171),
(61,504,0.313),
(61,505,0.276),
(61,506,0.087),
(61,507,0.02),
(61,508,0.171),
(61,509,0.167),
(61,510,0.216),
(61,511,0.094),
(61,512,0.1),
(61,513,0.112),
(61,514,0.283),
(61,515,0.742),
(61,516,0.065),
(61,517,0.326),
(61,518,0.199),
(61,601,8),
(61,605,0.085),
(61,606,1.257),
(61,607,0.077),
(61,608,0.04),
(61,609,0.02),
(61,610,0.049),
(61,611,0.006),
(61,612,0.175),
(61,613,0.558),
(61,614,0.243),
(61,615,0.004),
(61,617,0.508),
(61,618,0.062),
(61,619,0.008),
(61,620,0),
(61,621,0),
(61,624,0.002),
(61,625,0.015),
(61,626,0.027),
(61,627,0),
(61,628,0.008),
(61,629,0),
(61,630,0),
(61,631,0),
(61,636,0),
(61,638,0),
(61,645,0.56),
(61,646,0.073),
(61,652,0.02),
(61,653,0.011),
(61,806,5),
(61,811,0),
(61,812,0),
(61,813,0),
(61,814,63),
(61,815,5),
(61,816,0),
(61,818,0.078),
(61,819,0.007),
(61,821,0.027),
(61,824,0.43),
(61,825,0.055),
(61,826,0.005),
(61,827,0.003),
(61,828,0),
(61,829,0.078),
(61,831,0.008),
(61,833,0.004),
(61,834,0),
(61,835,0),
(61,836,0),
(61,837,0),
(61,855,0),
(61,859,0.007),
(61,861,0),
(61,862,16.4),
(61,863,0.9),
(61,874,0),
(61,875,0),
(61,876,0);


-- Create a view for the  data used on the application
CREATE VIEW nutrients AS
(SELECT FN.foodId AS ID, FN.foodDescription AS Product, NN.nutrientSymbol AS Nutrient, NA.nutrientValue AS Value
FROM foodNames FN LEFT OUTER JOIN nutrientAmounts NA
ON FN.FoodId = NA.FoodId
JOIN nutrientNames NN
ON NA.nutrientId = NN.nutrientId
WHERE NA.nutrientId IN (203,204,205,207,208));

SELECT * FROM nutrients;